question_id,subject,unit,chapter,topic_atom,outcome_code,outcome,official_requirement_ids,official_source_reference,kind,difficulty,marks,pool,stimulus,prompt,options,correct_answer,explanation,scoring_rule,current_status,automated_blockers,automated_warnings,sme_decision,sme_correction,sme_comment,sme_name,sme_qualification,sme_signature_date
"C10-2627-MATH-REQ001-DIAG-001","Mathematics","Number Systems","Real Numbers","Fundamental Theorem of Arithmetic","LO_M1.1.1","Express composite numbers as products of prime factors and calculate HCF and LCM using prime factorization.","REQ_MATH_2026_001 | REQ_MATH_2026_002 | REQ_MATH_2026_003 | REQ_MATH_2026_004","Maths_SecP1X_2026-27.pdf Page 2","mcq","2","1","DIAGNOSTIC","","Using prime factorisation, find the HCF of 96 and 404.","12 | 4 | 2 | 8","4","96 = 2^5 x 3 and 404 = 2^2 x 101. The only common prime power is 2^2, so the HCF is 4.","Exact option match. 1 mark for the correct option, 0 otherwise.","draft / unverified","none","none","","","","","",""
"C10-2627-MATH-REQ001-DIAG-002","Mathematics","Number Systems","Real Numbers","Fundamental Theorem of Arithmetic","LO_M1.1.1","Express composite numbers as products of prime factors and calculate HCF and LCM using prime factorization.","REQ_MATH_2026_001 | REQ_MATH_2026_002 | REQ_MATH_2026_003 | REQ_MATH_2026_004","Maths_SecP1X_2026-27.pdf Page 2","short_answer","2","2","DIAGNOSTIC","","Using prime factorisation, find the LCM of 72 and 120.","","360","72 = 2^3 x 3^2 and 120 = 2^3 x 3 x 5. Taking the highest power of each prime gives 2^3 x 3^2 x 5 = 360.","Answer-key match with educator override. 2 marks maximum, partial credit at reviewer discretion.","draft / unverified","none","none","","","","","",""
"C10-2627-MATH-REQ001-DIAG-003","Mathematics","Number Systems","Real Numbers","Fundamental Theorem of Arithmetic","LO_M1.1.1","Express composite numbers as products of prime factors and calculate HCF and LCM using prime factorization.","REQ_MATH_2026_001 | REQ_MATH_2026_002 | REQ_MATH_2026_003 | REQ_MATH_2026_004","Maths_SecP1X_2026-27.pdf Page 2","short_answer","3","2","DIAGNOSTIC","","The HCF of 306 and 657 is 9. Find their LCM without factorising again.","","22338","For two positive integers, HCF x LCM = product of the numbers, so LCM = (306 x 657) / 9 = 22338.","Answer-key match with educator override. 2 marks maximum, partial credit at reviewer discretion.","draft / unverified","none","NUMERIC_CHECK","","","","","",""
"C10-2627-MATH-REQ001-DIAG-004","Mathematics","Number Systems","Real Numbers","Fundamental Theorem of Arithmetic","LO_M1.1.1","Express composite numbers as products of prime factors and calculate HCF and LCM using prime factorization.","REQ_MATH_2026_001 | REQ_MATH_2026_002 | REQ_MATH_2026_003 | REQ_MATH_2026_004","Maths_SecP1X_2026-27.pdf Page 2","case_study","3","3","DIAGNOSTIC","","A florist has 84 roses and 126 lilies. She wants to make identical bunches, each bunch holding only roses or only lilies, with every bunch containing the same number of flowers and no flower left over.  What is the greatest number of flowers she can put in one bunch?","","42","The bunch size must divide both 84 and 126, so it is their HCF. 84 = 2^2 x 3 x 7 and 126 = 2 x 3^2 x 7, giving HCF = 2 x 3 x 7 = 42.","Answer-key match with educator override. 3 marks maximum, partial credit at reviewer discretion.","draft / unverified","none","STIMULUS_EMBEDDED","","","","","",""
"C10-2627-MATH-REQ001-DIAG-005","Mathematics","Number Systems","Real Numbers","Fundamental Theorem of Arithmetic","LO_M1.1.1","Express composite numbers as products of prime factors and calculate HCF and LCM using prime factorization.","REQ_MATH_2026_001 | REQ_MATH_2026_002 | REQ_MATH_2026_003 | REQ_MATH_2026_004","Maths_SecP1X_2026-27.pdf Page 2","assertion_reason","2","1","DIAGNOSTIC","","Assertion (A): For any two positive integers a and b, HCF(a, b) x LCM(a, b) = a x b. Reason (R): Every composite number has a unique prime factorisation apart from the order of the factors. Choose the correct option.","Both A and R are true and R is the correct explanation of A. | Both A and R are true but R is not the correct explanation of A. | A is true but R is false. | A is false but R is true.","Both A and R are true and R is the correct explanation of A.","Uniqueness of factorisation lets each prime be split between the HCF (lowest power) and the LCM (highest power), and the two powers add back to the power in the product.","Exact option match. 1 mark for the correct option, 0 otherwise.","draft / unverified","none","none","","","","","",""
"C10-2627-MATH-REQ001-DIAG-006","Mathematics","Number Systems","Real Numbers","Fundamental Theorem of Arithmetic","LO_M1.1.1","Express composite numbers as products of prime factors and calculate HCF and LCM using prime factorization.","REQ_MATH_2026_001 | REQ_MATH_2026_002 | REQ_MATH_2026_003 | REQ_MATH_2026_004","Maths_SecP1X_2026-27.pdf Page 2","data_interpretation","3","3","DIAGNOSTIC","","Prime factorisations: | Number | Factorisation | | A | 2^3 x 3 x 5 | | B | 2^2 x 3^2 x 5 | | C | 2^2 x 3 x 5^2 |  Write the HCF and the LCM of A, B and C.","","HCF = 60, LCM = 1800","Lowest common powers give 2^2 x 3 x 5 = 60. Highest powers give 2^3 x 3^2 x 5^2 = 1800.","Answer-key match with educator override. 3 marks maximum, partial credit at reviewer discretion.","draft / unverified","none","NUMERIC_CHECK STIMULUS_EMBEDDED","","","","","",""
"C10-2627-MATH-REQ001-DIAG-007","Mathematics","Number Systems","Real Numbers","Fundamental Theorem of Arithmetic","LO_M1.1.1","Express composite numbers as products of prime factors and calculate HCF and LCM using prime factorization.","REQ_MATH_2026_001 | REQ_MATH_2026_002 | REQ_MATH_2026_003 | REQ_MATH_2026_004","Maths_SecP1X_2026-27.pdf Page 2","short_answer","3","2","DIAGNOSTIC","","Two LED strips flash at intervals of 18 seconds and 24 seconds. They flash together at 7:00:00 pm. After how many seconds do they next flash together?","","72","They coincide after a time that is a multiple of both intervals, so the answer is LCM(18, 24) = 72 seconds.","Answer-key match with educator override. 2 marks maximum, partial credit at reviewer discretion.","draft / unverified","none","none","","","","","",""
"C10-2627-MATH-REQ001-DIAG-008","Mathematics","Number Systems","Real Numbers","Fundamental Theorem of Arithmetic","LO_M1.1.2","Prove the irrationality of numbers such as square root of 2, square root of 3, and square root of 5.","REQ_MATH_2026_001 | REQ_MATH_2026_002 | REQ_MATH_2026_003 | REQ_MATH_2026_004","Maths_SecP1X_2026-27.pdf Page 2","short_answer","4","3","DIAGNOSTIC","","Show that the square root of 3 is irrational.","","Assume root 3 = a/b in lowest terms; then 3b^2 = a^2, so 3 divides a, write a = 3c to get b^2 = 3c^2, so 3 divides b as well, contradicting lowest terms. Hence root 3 is irrational.","This is the standard contradiction argument: it uses the fact that if a prime p divides a^2 then p divides a, which follows from unique prime factorisation.","Answer-key match with educator override. 3 marks maximum, partial credit at reviewer discretion.","draft / unverified","none","none","","","","","",""
"C10-2627-MATH-REQ001-DIAG-009","Mathematics","Number Systems","Real Numbers","Fundamental Theorem of Arithmetic","LO_M1.1.2","Prove the irrationality of numbers such as square root of 2, square root of 3, and square root of 5.","REQ_MATH_2026_001 | REQ_MATH_2026_002 | REQ_MATH_2026_003 | REQ_MATH_2026_004","Maths_SecP1X_2026-27.pdf Page 2","mcq","2","1","DIAGNOSTIC","","Which of the following numbers is irrational?","0.75 | root 49 | 22/7 | 5 + root 2","5 + root 2","root 49 = 7 and 22/7 and 0.75 are ratios of integers. A rational plus an irrational is irrational, so 5 + root 2 is irrational.","Exact option match. 1 mark for the correct option, 0 otherwise.","draft / unverified","none","none","","","","","",""
"C10-2627-MATH-REQ001-DIAG-010","Mathematics","Number Systems","Real Numbers","Fundamental Theorem of Arithmetic","LO_M1.1.2","Prove the irrationality of numbers such as square root of 2, square root of 3, and square root of 5.","REQ_MATH_2026_001 | REQ_MATH_2026_002 | REQ_MATH_2026_003 | REQ_MATH_2026_004","Maths_SecP1X_2026-27.pdf Page 2","assertion_reason","3","1","DIAGNOSTIC","","Assertion (A): root 12 is an irrational number. Reason (R): The product of a non-zero rational number and an irrational number is irrational. Choose the correct option.","Both A and R are true and R is the correct explanation of A. | Both A and R are true but R is not the correct explanation of A. | A is true but R is false. | A is false but R is true.","Both A and R are true and R is the correct explanation of A.","root 12 = 2 x root 3, a non-zero rational times an irrational, which the reason shows must be irrational.","Exact option match. 1 mark for the correct option, 0 otherwise.","draft / unverified","none","none","","","","","",""
"C10-2627-MATH-REQ001-DIAG-011","Mathematics","Number Systems","Real Numbers","Fundamental Theorem of Arithmetic","LO_M1.1.2","Prove the irrationality of numbers such as square root of 2, square root of 3, and square root of 5.","REQ_MATH_2026_001 | REQ_MATH_2026_002 | REQ_MATH_2026_003 | REQ_MATH_2026_004","Maths_SecP1X_2026-27.pdf Page 2","true_false","2","1","DIAGNOSTIC","","State whether the following is true or false, and justify in one line: The sum of two irrational numbers is always irrational.","True | False","False","A counterexample settles it: (2 + root 5) + (2 - root 5) = 4, which is rational.","Exact option match. 1 mark for the correct option, 0 otherwise.","draft / unverified","none","none","","","","","",""
"C10-2627-MATH-REQ001-DIAG-012","Mathematics","Number Systems","Real Numbers","Fundamental Theorem of Arithmetic","LO_M1.1.2","Prove the irrationality of numbers such as square root of 2, square root of 3, and square root of 5.","REQ_MATH_2026_001 | REQ_MATH_2026_002 | REQ_MATH_2026_003 | REQ_MATH_2026_004","Maths_SecP1X_2026-27.pdf Page 2","short_answer","3","3","DIAGNOSTIC","","Given that root 5 is irrational, show that 3 - 2 root 5 is irrational.","","If 3 - 2 root 5 were rational and equal to r, then root 5 = (3 - r)/2 would be rational, contradicting the given. Hence 3 - 2 root 5 is irrational.","The argument isolates root 5 using only rational operations, so a rational value for the expression would force a rational value for root 5.","Answer-key match with educator override. 3 marks maximum, partial credit at reviewer discretion.","draft / unverified","none","none","","","","","",""
"C10-2627-MATH-REQ001-DIAG-013","Mathematics","Number Systems","Real Numbers","Fundamental Theorem of Arithmetic","LO_M1.1.2","Prove the irrationality of numbers such as square root of 2, square root of 3, and square root of 5.","REQ_MATH_2026_001 | REQ_MATH_2026_002 | REQ_MATH_2026_003 | REQ_MATH_2026_004","Maths_SecP1X_2026-27.pdf Page 2","case_study","3","3","DIAGNOSTIC","","A student writes: 'Every number written with a square root sign is irrational, so root(9/4) is irrational.'  Is the student correct? Give the value of root(9/4) and classify it.","","Not correct; root(9/4) = 3/2, which is rational.","A square root is irrational only when the number under the root is not a perfect square of a rational. Here 9/4 is the square of 3/2.","Answer-key match with educator override. 3 marks maximum, partial credit at reviewer discretion.","draft / unverified","none","STIMULUS_EMBEDDED","","","","","",""
"C10-2627-MATH-REQ001-DIAG-014","Mathematics","Number Systems","Real Numbers","Fundamental Theorem of Arithmetic","LO_M1.1.2","Prove the irrationality of numbers such as square root of 2, square root of 3, and square root of 5.","REQ_MATH_2026_001 | REQ_MATH_2026_002 | REQ_MATH_2026_003 | REQ_MATH_2026_004","Maths_SecP1X_2026-27.pdf Page 2","fill_blank","2","1","DIAGNOSTIC","","Fill in both blanks: root 2 x root 8 = ______, which is a ______ number (rational / irrational).","","4, rational","root 2 x root 8 = root 16 = 4, an integer and therefore rational. Two irrationals can multiply to a rational.","Answer-key match with educator override. 1 marks maximum, partial credit at reviewer discretion.","draft / unverified","none","none","","","","","",""
"C10-2627-MATH-REQ001-REASS-001","Mathematics","Number Systems","Real Numbers","Fundamental Theorem of Arithmetic","LO_M1.1.1","Express composite numbers as products of prime factors and calculate HCF and LCM using prime factorization.","REQ_MATH_2026_001 | REQ_MATH_2026_002 | REQ_MATH_2026_003 | REQ_MATH_2026_004","Maths_SecP1X_2026-27.pdf Page 2","short_answer","2","2","FRESH_REASSESSMENT","","Express 3825 as a product of its prime factors.","","3^2 x 5^2 x 17","3825 / 3 = 1275, / 3 = 425, / 5 = 85, / 5 = 17, which is prime. Hence 3825 = 3^2 x 5^2 x 17.","Answer-key match with educator override. 2 marks maximum, partial credit at reviewer discretion.","draft / unverified","none","NUMERIC_CHECK","","","","","",""
"C10-2627-MATH-REQ001-REASS-002","Mathematics","Number Systems","Real Numbers","Fundamental Theorem of Arithmetic","LO_M1.1.1","Express composite numbers as products of prime factors and calculate HCF and LCM using prime factorization.","REQ_MATH_2026_001 | REQ_MATH_2026_002 | REQ_MATH_2026_003 | REQ_MATH_2026_004","Maths_SecP1X_2026-27.pdf Page 2","mcq","2","1","FRESH_REASSESSMENT","","Find the LCM of 12, 15 and 21.","630 | 105 | 420 | 210","420","12 = 2^2 x 3, 15 = 3 x 5, 21 = 3 x 7. Highest powers give 2^2 x 3 x 5 x 7 = 420.","Exact option match. 1 mark for the correct option, 0 otherwise.","draft / unverified","none","NUMERIC_CHECK","","","","","",""
"C10-2627-MATH-REQ001-REASS-003","Mathematics","Number Systems","Real Numbers","Fundamental Theorem of Arithmetic","LO_M1.1.1","Express composite numbers as products of prime factors and calculate HCF and LCM using prime factorization.","REQ_MATH_2026_001 | REQ_MATH_2026_002 | REQ_MATH_2026_003 | REQ_MATH_2026_004","Maths_SecP1X_2026-27.pdf Page 2","case_study","3","3","FRESH_REASSESSMENT","","Two athletes start together at the starting line of a circular track. One completes a lap in 250 seconds and the other in 300 seconds, and both keep a steady pace.  After how many minutes do they stand together at the starting line again?","","25 minutes","They meet after LCM(250, 300) = 1500 seconds, which is 25 minutes.","Answer-key match with educator override. 3 marks maximum, partial credit at reviewer discretion.","draft / unverified","none","STIMULUS_EMBEDDED","","","","","",""
"C10-2627-MATH-REQ001-REASS-004","Mathematics","Number Systems","Real Numbers","Fundamental Theorem of Arithmetic","LO_M1.1.1","Express composite numbers as products of prime factors and calculate HCF and LCM using prime factorization.","REQ_MATH_2026_001 | REQ_MATH_2026_002 | REQ_MATH_2026_003 | REQ_MATH_2026_004","Maths_SecP1X_2026-27.pdf Page 2","short_answer","2","2","FRESH_REASSESSMENT","","What is the smallest positive number that is divisible by both 63 and 84?","","252","The smallest such number is LCM(63, 84). 63 = 3^2 x 7 and 84 = 2^2 x 3 x 7, so the LCM is 2^2 x 3^2 x 7 = 252.","Answer-key match with educator override. 2 marks maximum, partial credit at reviewer discretion.","draft / unverified","none","none","","","","","",""
"C10-2627-MATH-REQ001-REASS-005","Mathematics","Number Systems","Real Numbers","Fundamental Theorem of Arithmetic","LO_M1.1.1","Express composite numbers as products of prime factors and calculate HCF and LCM using prime factorization.","REQ_MATH_2026_001 | REQ_MATH_2026_002 | REQ_MATH_2026_003 | REQ_MATH_2026_004","Maths_SecP1X_2026-27.pdf Page 2","true_false","2","1","FRESH_REASSESSMENT","","State whether the following is true or false, and justify in one line: If two positive integers p and q are co-prime, then LCM(p, q) = p x q.","True | False","True","Co-prime means HCF = 1, and since HCF x LCM = pq, the LCM equals pq.","Exact option match. 1 mark for the correct option, 0 otherwise.","draft / unverified","none","none","","","","","",""
"C10-2627-MATH-REQ001-REASS-006","Mathematics","Number Systems","Real Numbers","Fundamental Theorem of Arithmetic","LO_M1.1.1","Express composite numbers as products of prime factors and calculate HCF and LCM using prime factorization.","REQ_MATH_2026_001 | REQ_MATH_2026_002 | REQ_MATH_2026_003 | REQ_MATH_2026_004","Maths_SecP1X_2026-27.pdf Page 2","short_answer","3","2","FRESH_REASSESSMENT","","The LCM of two numbers is 1200 and their HCF is 20. One of the numbers is 80. Find the other number.","","300","Using HCF x LCM = product of the numbers, the other number is (1200 x 20) / 80 = 300.","Answer-key match with educator override. 2 marks maximum, partial credit at reviewer discretion.","draft / unverified","none","NUMERIC_CHECK","","","","","",""
"C10-2627-MATH-REQ001-REASS-007","Mathematics","Number Systems","Real Numbers","Fundamental Theorem of Arithmetic","LO_M1.1.1","Express composite numbers as products of prime factors and calculate HCF and LCM using prime factorization.","REQ_MATH_2026_001 | REQ_MATH_2026_002 | REQ_MATH_2026_003 | REQ_MATH_2026_004","Maths_SecP1X_2026-27.pdf Page 2","assertion_reason","3","1","FRESH_REASSESSMENT","","Assertion (A): For some natural number n, the number 6^n ends with the digit 0. Reason (R): The prime factorisation of 6^n contains only the primes 2 and 3. Choose the correct option.","Both A and R are true and R is the correct explanation of A. | Both A and R are true but R is not the correct explanation of A. | A is true but R is false. | A is false but R is true.","A is false but R is true.","A number ends in 0 only if 5 divides it. 6^n = 2^n x 3^n has no factor 5, so the assertion is false while the reason is true.","Exact option match. 1 mark for the correct option, 0 otherwise.","draft / unverified","none","none","","","","","",""
"C10-2627-MATH-REQ001-REASS-008","Mathematics","Number Systems","Real Numbers","Fundamental Theorem of Arithmetic","LO_M1.1.1","Express composite numbers as products of prime factors and calculate HCF and LCM using prime factorization.","REQ_MATH_2026_001 | REQ_MATH_2026_002 | REQ_MATH_2026_003 | REQ_MATH_2026_004","Maths_SecP1X_2026-27.pdf Page 2","data_interpretation","2","2","FRESH_REASSESSMENT","","Prime factorisations: | Number | Factorisation | | P | 2^4 x 3^2 x 7 | | Q | 2^2 x 3^3 x 11 |  Write the HCF of P and Q.","","36","Common primes are 2 and 3 with lowest powers 2^2 and 3^2, so the HCF is 4 x 9 = 36.","Answer-key match with educator override. 2 marks maximum, partial credit at reviewer discretion.","draft / unverified","none","STIMULUS_EMBEDDED","","","","","",""
"C10-2627-MATH-REQ001-REASS-009","Mathematics","Number Systems","Real Numbers","Fundamental Theorem of Arithmetic","LO_M1.1.1","Express composite numbers as products of prime factors and calculate HCF and LCM using prime factorization.","REQ_MATH_2026_001 | REQ_MATH_2026_002 | REQ_MATH_2026_003 | REQ_MATH_2026_004","Maths_SecP1X_2026-27.pdf Page 2","short_answer","3","2","FRESH_REASSESSMENT","","Find the HCF of 144, 180 and 192 by prime factorisation.","","12","144 = 2^4 x 3^2, 180 = 2^2 x 3^2 x 5, 192 = 2^6 x 3. Lowest common powers give 2^2 x 3 = 12.","Answer-key match with educator override. 2 marks maximum, partial credit at reviewer discretion.","draft / unverified","none","NUMERIC_CHECK","","","","","",""
"C10-2627-MATH-REQ001-REASS-010","Mathematics","Number Systems","Real Numbers","Fundamental Theorem of Arithmetic","LO_M1.1.1","Express composite numbers as products of prime factors and calculate HCF and LCM using prime factorization.","REQ_MATH_2026_001 | REQ_MATH_2026_002 | REQ_MATH_2026_003 | REQ_MATH_2026_004","Maths_SecP1X_2026-27.pdf Page 2","case_study","4","3","FRESH_REASSESSMENT","","A rectangular verandah measures 624 cm by 498 cm. It is to be paved with identical square tiles laid without cutting any tile and without leaving a gap.  What is the largest possible side of such a square tile, in centimetres?","","6","The tile side must divide both 624 and 498, so it is HCF(624, 498). 624 = 2^4 x 3 x 13 and 498 = 2 x 3 x 83, giving 6 cm.","Answer-key match with educator override. 3 marks maximum, partial credit at reviewer discretion.","draft / unverified","none","STIMULUS_EMBEDDED","","","","","",""
"C10-2627-MATH-REQ001-REASS-011","Mathematics","Number Systems","Real Numbers","Fundamental Theorem of Arithmetic","LO_M1.1.2","Prove the irrationality of numbers such as square root of 2, square root of 3, and square root of 5.","REQ_MATH_2026_001 | REQ_MATH_2026_002 | REQ_MATH_2026_003 | REQ_MATH_2026_004","Maths_SecP1X_2026-27.pdf Page 2","short_answer","4","3","FRESH_REASSESSMENT","","Prove that the square root of 7 is irrational.","","Suppose root 7 = a/b with a, b co-prime. Then 7b^2 = a^2, so 7 divides a; writing a = 7c gives b^2 = 7c^2, so 7 divides b. This contradicts a and b being co-prime, so root 7 is irrational.","Same contradiction structure as for other primes, resting on: if a prime p divides a^2 then p divides a.","Answer-key match with educator override. 3 marks maximum, partial credit at reviewer discretion.","draft / unverified","none","none","","","","","",""
"C10-2627-MATH-REQ001-REASS-012","Mathematics","Number Systems","Real Numbers","Fundamental Theorem of Arithmetic","LO_M1.1.2","Prove the irrationality of numbers such as square root of 2, square root of 3, and square root of 5.","REQ_MATH_2026_001 | REQ_MATH_2026_002 | REQ_MATH_2026_003 | REQ_MATH_2026_004","Maths_SecP1X_2026-27.pdf Page 2","mcq","2","1","FRESH_REASSESSMENT","","Exactly one number in the list below can be written as a ratio of two integers. Identify it.","root 2 x root 5 | root 16 | root 20 | 2 + root 3","root 16","root 16 = 4. The others reduce to 2 root 5, an irrational sum, and root 10, all irrational.","Exact option match. 1 mark for the correct option, 0 otherwise.","draft / unverified","none","none","","","","","",""
"C10-2627-MATH-REQ001-REASS-013","Mathematics","Number Systems","Real Numbers","Fundamental Theorem of Arithmetic","LO_M1.1.2","Prove the irrationality of numbers such as square root of 2, square root of 3, and square root of 5.","REQ_MATH_2026_001 | REQ_MATH_2026_002 | REQ_MATH_2026_003 | REQ_MATH_2026_004","Maths_SecP1X_2026-27.pdf Page 2","short_answer","3","2","FRESH_REASSESSMENT","","Given that root 3 is irrational, show that 5 - root 3 is irrational.","","If 5 - root 3 = r were rational then root 3 = 5 - r would be rational, contradicting the given. So 5 - root 3 is irrational.","Subtraction of rationals keeps a number rational, so a rational value would make root 3 rational.","Answer-key match with educator override. 2 marks maximum, partial credit at reviewer discretion.","draft / unverified","none","none","","","","","",""
"C10-2627-MATH-REQ001-REASS-014","Mathematics","Number Systems","Real Numbers","Fundamental Theorem of Arithmetic","LO_M1.1.2","Prove the irrationality of numbers such as square root of 2, square root of 3, and square root of 5.","REQ_MATH_2026_001 | REQ_MATH_2026_002 | REQ_MATH_2026_003 | REQ_MATH_2026_004","Maths_SecP1X_2026-27.pdf Page 2","assertion_reason","3","1","FRESH_REASSESSMENT","","Assertion (A): root 6 + root 6 is irrational. Reason (R): The sum of any two irrational numbers is always irrational. Choose the correct option.","Both A and R are true and R is the correct explanation of A. | Both A and R are true but R is not the correct explanation of A. | A is true but R is false. | A is false but R is true.","A is true but R is false.","root 6 + root 6 = 2 root 6, which is irrational, so A is true. R is false because root 2 + (- root 2) = 0 is rational.","Exact option match. 1 mark for the correct option, 0 otherwise.","draft / unverified","none","none","","","","","",""
"C10-2627-MATH-REQ001-REASS-015","Mathematics","Number Systems","Real Numbers","Fundamental Theorem of Arithmetic","LO_M1.1.2","Prove the irrationality of numbers such as square root of 2, square root of 3, and square root of 5.","REQ_MATH_2026_001 | REQ_MATH_2026_002 | REQ_MATH_2026_003 | REQ_MATH_2026_004","Maths_SecP1X_2026-27.pdf Page 2","true_false","1","1","FRESH_REASSESSMENT","","State whether the following is true or false, and justify in one line: Every real number is either rational or irrational.","True | False","True","The irrationals are defined as exactly those real numbers that are not rational, so the two classes together make up the reals.","Exact option match. 1 mark for the correct option, 0 otherwise.","draft / unverified","none","none","","","","","",""
"C10-2627-MATH-REQ001-REASS-016","Mathematics","Number Systems","Real Numbers","Fundamental Theorem of Arithmetic","LO_M1.1.2","Prove the irrationality of numbers such as square root of 2, square root of 3, and square root of 5.","REQ_MATH_2026_001 | REQ_MATH_2026_002 | REQ_MATH_2026_003 | REQ_MATH_2026_004","Maths_SecP1X_2026-27.pdf Page 2","case_study","3","3","FRESH_REASSESSMENT","","A number is written as 0.12112111211112... , where the count of 1s between successive 2s increases by one each time and the pattern never repeats as a block.  Classify the number as rational or irrational and justify your answer in one line.","","Irrational, because its decimal expansion is non-terminating and non-recurring.","A rational number has a terminating or eventually repeating decimal expansion; this expansion is neither.","Answer-key match with educator override. 3 marks maximum, partial credit at reviewer discretion.","draft / unverified","none","STIMULUS_EMBEDDED","","","","","",""
"C10-2627-MATH-REQ001-REASS-017","Mathematics","Number Systems","Real Numbers","Fundamental Theorem of Arithmetic","LO_M1.1.2","Prove the irrationality of numbers such as square root of 2, square root of 3, and square root of 5.","REQ_MATH_2026_001 | REQ_MATH_2026_002 | REQ_MATH_2026_003 | REQ_MATH_2026_004","Maths_SecP1X_2026-27.pdf Page 2","short_answer","3","2","FRESH_REASSESSMENT","","Give one example of two different irrational numbers whose product is a rational number, and state the product.","","root 2 and root 8; their product is 4.","root 2 x root 8 = root 16 = 4. Any pair of the form root a and root b with ab a perfect square works.","Answer-key match with educator override. 2 marks maximum, partial credit at reviewer discretion.","draft / unverified","none","none","","","","","",""
"C10-2627-MATH-REQ001-REASS-018","Mathematics","Number Systems","Real Numbers","Fundamental Theorem of Arithmetic","LO_M1.1.2","Prove the irrationality of numbers such as square root of 2, square root of 3, and square root of 5.","REQ_MATH_2026_001 | REQ_MATH_2026_002 | REQ_MATH_2026_003 | REQ_MATH_2026_004","Maths_SecP1X_2026-27.pdf Page 2","fill_blank","2","1","FRESH_REASSESSMENT","","Fill in the blank: if p is a prime number and p divides a squared, then p divides ______.","","a","This is the key lemma behind every irrationality proof of this type, and it follows from the uniqueness of prime factorisation.","Answer-key match with educator override. 1 marks maximum, partial credit at reviewer discretion.","draft / unverified","none","none","","","","","",""
"C10-2627-MATH-REQ001-REASS-019","Mathematics","Number Systems","Real Numbers","Fundamental Theorem of Arithmetic","LO_M1.1.2","Prove the irrationality of numbers such as square root of 2, square root of 3, and square root of 5.","REQ_MATH_2026_001 | REQ_MATH_2026_002 | REQ_MATH_2026_003 | REQ_MATH_2026_004","Maths_SecP1X_2026-27.pdf Page 2","mcq","2","1","FRESH_REASSESSMENT","","The number 1 divided by root 3 is","an integer | a terminating decimal | irrational | rational","irrational","1 / root 3 = root 3 / 3. If it were rational then root 3 would be rational, which it is not.","Exact option match. 1 mark for the correct option, 0 otherwise.","draft / unverified","none","none","","","","","",""
"C10-2627-MATH-REQ001-REASS-020","Mathematics","Number Systems","Real Numbers","Fundamental Theorem of Arithmetic","LO_M1.1.2","Prove the irrationality of numbers such as square root of 2, square root of 3, and square root of 5.","REQ_MATH_2026_001 | REQ_MATH_2026_002 | REQ_MATH_2026_003 | REQ_MATH_2026_004","Maths_SecP1X_2026-27.pdf Page 2","short_answer","3","2","FRESH_REASSESSMENT","","Given that root 2 is irrational, show that 7 root 2 is irrational.","","If 7 root 2 = r were rational then root 2 = r/7 would be rational, contradicting the given. So 7 root 2 is irrational.","Dividing a rational by the non-zero rational 7 leaves it rational, which would force root 2 to be rational.","Answer-key match with educator override. 2 marks maximum, partial credit at reviewer discretion.","draft / unverified","none","none","","","","","",""
"C10-2627-MATH-REQ005-DIAG-001","Mathematics","Algebra","Polynomials","Zeroes of a Polynomial and Relationship with Coefficients","LO_M2.1.1","Determine zeroes geometrically and apply relationships between zeroes and coefficients of quadratic polynomials.","REQ_MATH_2026_005 | REQ_MATH_2026_006 | REQ_MATH_2026_007","Maths_SecP1X_2026-27.pdf Page 2","short_answer","2","3","DIAGNOSTIC","","Find the zeroes of the quadratic polynomial x^2 - 7x + 10 and verify the relationship between the zeroes and the coefficients.","","Zeroes 2 and 5; sum = 7 = -b/a and product = 10 = c/a.","x^2 - 7x + 10 = (x - 2)(x - 5). Sum of zeroes 2 + 5 = 7 matches -(-7)/1 and product 2 x 5 = 10 matches 10/1.","Answer-key match with educator override. 3 marks maximum, partial credit at reviewer discretion.","draft / unverified","none","NUMERIC_CHECK","","","","","",""
"C10-2627-MATH-REQ005-DIAG-002","Mathematics","Algebra","Polynomials","Zeroes of a Polynomial and Relationship with Coefficients","LO_M2.1.1","Determine zeroes geometrically and apply relationships between zeroes and coefficients of quadratic polynomials.","REQ_MATH_2026_005 | REQ_MATH_2026_006 | REQ_MATH_2026_007","Maths_SecP1X_2026-27.pdf Page 2","mcq","2","1","DIAGNOSTIC","","The sum of the zeroes of the polynomial 3x^2 - 5x + 2 is","3/5 | 5/3 | -5/3 | 2/3","5/3","For ax^2 + bx + c the sum of the zeroes is -b/a = -(-5)/3 = 5/3.","Exact option match. 1 mark for the correct option, 0 otherwise.","draft / unverified","none","NUMERIC_CHECK","","","","","",""
"C10-2627-MATH-REQ005-REASS-001","Mathematics","Algebra","Polynomials","Zeroes of a Polynomial and Relationship with Coefficients","LO_M2.1.1","Determine zeroes geometrically and apply relationships between zeroes and coefficients of quadratic polynomials.","REQ_MATH_2026_005 | REQ_MATH_2026_006 | REQ_MATH_2026_007","Maths_SecP1X_2026-27.pdf Page 2","short_answer","3","2","FRESH_REASSESSMENT","","Write a quadratic polynomial whose zeroes are 3 and -5.","","x^2 + 2x - 15","Sum of zeroes = -2 and product = -15, so the polynomial is x^2 - (sum)x + product = x^2 + 2x - 15.","Answer-key match with educator override. 2 marks maximum, partial credit at reviewer discretion.","draft / unverified","none","NUMERIC_CHECK","","","","","",""
"C10-2627-MATH-REQ005-REASS-002","Mathematics","Algebra","Polynomials","Zeroes of a Polynomial and Relationship with Coefficients","LO_M2.1.1","Determine zeroes geometrically and apply relationships between zeroes and coefficients of quadratic polynomials.","REQ_MATH_2026_005 | REQ_MATH_2026_006 | REQ_MATH_2026_007","Maths_SecP1X_2026-27.pdf Page 2","mcq","2","1","FRESH_REASSESSMENT","","The product of the zeroes of 2x^2 + 7x - 9 is","9/2 | -7/2 | 7/2 | -9/2","-9/2","For ax^2 + bx + c the product of the zeroes is c/a = -9/2.","Exact option match. 1 mark for the correct option, 0 otherwise.","draft / unverified","none","NUMERIC_CHECK","","","","","",""
"C10-2627-MATH-REQ005-REASS-003","Mathematics","Algebra","Polynomials","Zeroes of a Polynomial and Relationship with Coefficients","LO_M2.1.1","Determine zeroes geometrically and apply relationships between zeroes and coefficients of quadratic polynomials.","REQ_MATH_2026_005 | REQ_MATH_2026_006 | REQ_MATH_2026_007","Maths_SecP1X_2026-27.pdf Page 2","short_answer","3","3","FRESH_REASSESSMENT","","One zero of the polynomial x^2 - kx + 8 is 2. Find the value of k and the other zero.","","k = 6 and the other zero is 4.","Product of the zeroes is 8, so the other zero is 8/2 = 4. The sum 2 + 4 = 6 equals k.","Answer-key match with educator override. 3 marks maximum, partial credit at reviewer discretion.","draft / unverified","none","NUMERIC_CHECK","","","","","",""
"C10-2627-MATH-REQ005-REASS-004","Mathematics","Algebra","Polynomials","Zeroes of a Polynomial and Relationship with Coefficients","LO_M2.1.1","Determine zeroes geometrically and apply relationships between zeroes and coefficients of quadratic polynomials.","REQ_MATH_2026_005 | REQ_MATH_2026_006 | REQ_MATH_2026_007","Maths_SecP1X_2026-27.pdf Page 2","assertion_reason","2","1","FRESH_REASSESSMENT","","Assertion (A): A quadratic polynomial has at most two zeroes. Reason (R): The graph of a quadratic polynomial can cut the x-axis in at most two points. Choose the correct option.","Both A and R are true and R is the correct explanation of A. | Both A and R are true but R is not the correct explanation of A. | A is true but R is false. | A is false but R is true.","Both A and R are true and R is the correct explanation of A.","The zeroes are exactly the x-intercepts of the parabola, and a parabola meets a line in at most two points.","Exact option match. 1 mark for the correct option, 0 otherwise.","draft / unverified","none","none","","","","","",""
"C10-2627-MATH-REQ005-REASS-005","Mathematics","Algebra","Polynomials","Zeroes of a Polynomial and Relationship with Coefficients","LO_M2.1.1","Determine zeroes geometrically and apply relationships between zeroes and coefficients of quadratic polynomials.","REQ_MATH_2026_005 | REQ_MATH_2026_006 | REQ_MATH_2026_007","Maths_SecP1X_2026-27.pdf Page 2","case_study","3","3","FRESH_REASSESSMENT","","The graph of a quadratic polynomial p(x) with leading coefficient 1 cuts the x-axis at exactly two points, at x = -1 and x = 4.  Write p(x) in expanded form and state the sum of its zeroes.","","p(x) = x^2 - 3x - 4; sum of zeroes = 3.","The x-intercepts are the zeroes, so p(x) = (x + 1)(x - 4) = x^2 - 3x - 4, and the sum -1 + 4 = 3 equals -b/a.","Answer-key match with educator override. 3 marks maximum, partial credit at reviewer discretion.","draft / unverified","none","NUMERIC_CHECK STIMULUS_EMBEDDED","","","","","",""
"C10-2627-MATH-REQ008-DIAG-001","Mathematics","Algebra","Pair of Linear Equations in Two Variables","Algebraic and Graphical Solutions","LO_M3.1.1","Analyze consistency conditions and solve system of linear equations using Substitution and Elimination methods.","REQ_MATH_2026_008 | REQ_MATH_2026_009 | REQ_MATH_2026_010 | REQ_MATH_2026_011 | REQ_MATH_2026_012","Maths_SecP1X_2026-27.pdf Page 2","short_answer","3","3","DIAGNOSTIC","","Solve by the substitution method: 3x + 2y = 18 and x - y = 1.","","x = 4, y = 3","From x - y = 1 we get x = y + 1. Substituting: 3(y + 1) + 2y = 18, so 5y = 15, y = 3 and x = 4.","Answer-key match with educator override. 3 marks maximum, partial credit at reviewer discretion.","draft / unverified","none","NUMERIC_CHECK","","","","","",""
"C10-2627-MATH-REQ008-DIAG-002","Mathematics","Algebra","Pair of Linear Equations in Two Variables","Algebraic and Graphical Solutions","LO_M3.1.1","Analyze consistency conditions and solve system of linear equations using Substitution and Elimination methods.","REQ_MATH_2026_008 | REQ_MATH_2026_009 | REQ_MATH_2026_010 | REQ_MATH_2026_011 | REQ_MATH_2026_012","Maths_SecP1X_2026-27.pdf Page 2","mcq","2","1","DIAGNOSTIC","","The pair of equations 2x + 3y = 7 and 4x + 6y = 14 has","exactly two solutions | infinitely many solutions | exactly one solution | no solution","infinitely many solutions","Here a1/a2 = b1/b2 = c1/c2 = 1/2, so the two lines coincide and every point on the line is a solution.","Exact option match. 1 mark for the correct option, 0 otherwise.","draft / unverified","none","none","","","","","",""
"C10-2627-MATH-REQ008-REASS-001","Mathematics","Algebra","Pair of Linear Equations in Two Variables","Algebraic and Graphical Solutions","LO_M3.1.1","Analyze consistency conditions and solve system of linear equations using Substitution and Elimination methods.","REQ_MATH_2026_008 | REQ_MATH_2026_009 | REQ_MATH_2026_010 | REQ_MATH_2026_011 | REQ_MATH_2026_012","Maths_SecP1X_2026-27.pdf Page 2","short_answer","3","3","FRESH_REASSESSMENT","","Solve by the elimination method: 3x + 4y = 10 and 2x - 2y = 2.","","x = 2, y = 1","Doubling the second equation gives 4x - 4y = 4. Adding to the first gives 7x = 14, so x = 2 and then y = 1.","Answer-key match with educator override. 3 marks maximum, partial credit at reviewer discretion.","draft / unverified","none","NUMERIC_CHECK","","","","","",""
"C10-2627-MATH-REQ008-REASS-002","Mathematics","Algebra","Pair of Linear Equations in Two Variables","Algebraic and Graphical Solutions","LO_M3.1.1","Analyze consistency conditions and solve system of linear equations using Substitution and Elimination methods.","REQ_MATH_2026_008 | REQ_MATH_2026_009 | REQ_MATH_2026_010 | REQ_MATH_2026_011 | REQ_MATH_2026_012","Maths_SecP1X_2026-27.pdf Page 2","mcq","3","1","FRESH_REASSESSMENT","","For which value of k does the pair kx + 3y = 6 and 12x + 9y = 15 have no solution?","6 | 9 | 4 | 3","4","No solution needs a1/a2 = b1/b2 but not equal to c1/c2. From k/12 = 3/9 we get k = 4, and 6/15 is not 1/3, so the lines are parallel.","Exact option match. 1 mark for the correct option, 0 otherwise.","draft / unverified","none","NUMERIC_CHECK","","","","","",""
"C10-2627-MATH-REQ008-REASS-003","Mathematics","Algebra","Pair of Linear Equations in Two Variables","Algebraic and Graphical Solutions","LO_M3.1.1","Analyze consistency conditions and solve system of linear equations using Substitution and Elimination methods.","REQ_MATH_2026_008 | REQ_MATH_2026_009 | REQ_MATH_2026_010 | REQ_MATH_2026_011 | REQ_MATH_2026_012","Maths_SecP1X_2026-27.pdf Page 2","case_study","3","4","FRESH_REASSESSMENT","","At a stationery counter, 2 pens and 3 notebooks cost 190 rupees, while 4 pens and 5 notebooks cost 340 rupees. Each pen has the same price and each notebook has the same price.  Find the price of one pen and one notebook.","","Pen 35 rupees, notebook 40 rupees","Doubling the first equation gives 4p + 6n = 380. Subtracting the second gives n = 40, and then 2p = 190 - 120, so p = 35.","Answer-key match with educator override. 4 marks maximum, partial credit at reviewer discretion.","draft / unverified","none","NUMERIC_CHECK STIMULUS_EMBEDDED","","","","","",""
"C10-2627-MATH-REQ008-REASS-004","Mathematics","Algebra","Pair of Linear Equations in Two Variables","Algebraic and Graphical Solutions","LO_M3.1.1","Analyze consistency conditions and solve system of linear equations using Substitution and Elimination methods.","REQ_MATH_2026_008 | REQ_MATH_2026_009 | REQ_MATH_2026_010 | REQ_MATH_2026_011 | REQ_MATH_2026_012","Maths_SecP1X_2026-27.pdf Page 2","short_answer","3","3","FRESH_REASSESSMENT","","A father is three times as old as his son. Eight years from now he will be twice as old as his son. Find their present ages.","","Son 8 years, father 24 years","With f = 3s and f + 8 = 2(s + 8): 3s + 8 = 2s + 16, so s = 8 and f = 24.","Answer-key match with educator override. 3 marks maximum, partial credit at reviewer discretion.","draft / unverified","none","NUMERIC_CHECK","","","","","",""
"C10-2627-MATH-REQ008-REASS-005","Mathematics","Algebra","Pair of Linear Equations in Two Variables","Algebraic and Graphical Solutions","LO_M3.1.1","Analyze consistency conditions and solve system of linear equations using Substitution and Elimination methods.","REQ_MATH_2026_008 | REQ_MATH_2026_009 | REQ_MATH_2026_010 | REQ_MATH_2026_011 | REQ_MATH_2026_012","Maths_SecP1X_2026-27.pdf Page 2","assertion_reason","3","1","FRESH_REASSESSMENT","","Assertion (A): The pair x + 2y = 5 and 2x + 4y = 11 has no solution. Reason (R): Two lines with the same ratio of coefficients of x and y but a different constant ratio are parallel. Choose the correct option.","Both A and R are true and R is the correct explanation of A. | Both A and R are true but R is not the correct explanation of A. | A is true but R is false. | A is false but R is true.","Both A and R are true and R is the correct explanation of A.","Here 1/2 = 2/4 but 5/11 differs, so the lines are parallel and never meet, exactly as the reason states.","Exact option match. 1 mark for the correct option, 0 otherwise.","draft / unverified","none","none","","","","","",""
"C10-2627-MATH-REQ013-DIAG-001","Mathematics","Algebra","Quadratic Equations","Solution of Quadratic Equations and Discriminant","LO_M4.1.1","Solve quadratic equations using factorization and quadratic formula, and determine nature of roots using discriminant.","REQ_MATH_2026_013 | REQ_MATH_2026_014 | REQ_MATH_2026_015 | REQ_MATH_2026_016 | REQ_MATH_2026_017","Maths_SecP1X_2026-27.pdf Page 3","short_answer","2","2","DIAGNOSTIC","","Solve x^2 - 5x + 6 = 0 by factorisation.","","x = 2 or x = 3","x^2 - 5x + 6 = (x - 2)(x - 3), so the roots are 2 and 3.","Answer-key match with educator override. 2 marks maximum, partial credit at reviewer discretion.","draft / unverified","none","NUMERIC_CHECK","","","","","",""
"C10-2627-MATH-REQ013-DIAG-002","Mathematics","Algebra","Quadratic Equations","Solution of Quadratic Equations and Discriminant","LO_M4.1.1","Solve quadratic equations using factorization and quadratic formula, and determine nature of roots using discriminant.","REQ_MATH_2026_013 | REQ_MATH_2026_014 | REQ_MATH_2026_015 | REQ_MATH_2026_016 | REQ_MATH_2026_017","Maths_SecP1X_2026-27.pdf Page 3","mcq","2","1","DIAGNOSTIC","","The nature of the roots of 2x^2 - 4x + 3 = 0 is","two equal real roots | exactly one real root | no real roots | two distinct real roots","no real roots","The discriminant is (-4)^2 - 4(2)(3) = 16 - 24 = -8, which is negative, so there are no real roots.","Exact option match. 1 mark for the correct option, 0 otherwise.","draft / unverified","none","NUMERIC_CHECK","","","","","",""
"C10-2627-MATH-REQ013-REASS-001","Mathematics","Algebra","Quadratic Equations","Solution of Quadratic Equations and Discriminant","LO_M4.1.1","Solve quadratic equations using factorization and quadratic formula, and determine nature of roots using discriminant.","REQ_MATH_2026_013 | REQ_MATH_2026_014 | REQ_MATH_2026_015 | REQ_MATH_2026_016 | REQ_MATH_2026_017","Maths_SecP1X_2026-27.pdf Page 3","short_answer","3","3","FRESH_REASSESSMENT","","Solve 2x^2 + x - 6 = 0 using the quadratic formula.","","x = 3/2 or x = -2","The discriminant is 1 + 48 = 49, so x = (-1 +/- 7)/4, giving 3/2 and -2.","Answer-key match with educator override. 3 marks maximum, partial credit at reviewer discretion.","draft / unverified","none","NUMERIC_CHECK","","","","","",""
"C10-2627-MATH-REQ013-REASS-002","Mathematics","Algebra","Quadratic Equations","Solution of Quadratic Equations and Discriminant","LO_M4.1.1","Solve quadratic equations using factorization and quadratic formula, and determine nature of roots using discriminant.","REQ_MATH_2026_013 | REQ_MATH_2026_014 | REQ_MATH_2026_015 | REQ_MATH_2026_016 | REQ_MATH_2026_017","Maths_SecP1X_2026-27.pdf Page 3","mcq","3","1","FRESH_REASSESSMENT","","For which values of k does x^2 + kx + 9 = 0 have two equal roots?","k = 3 only | k = 9 or k = -9 | k = 0 | k = 6 or k = -6","k = 6 or k = -6","Equal roots require the discriminant k^2 - 36 to be zero, so k^2 = 36 and k = 6 or -6.","Exact option match. 1 mark for the correct option, 0 otherwise.","draft / unverified","none","NUMERIC_CHECK","","","","","",""
"C10-2627-MATH-REQ013-REASS-003","Mathematics","Algebra","Quadratic Equations","Solution of Quadratic Equations and Discriminant","LO_M4.1.1","Solve quadratic equations using factorization and quadratic formula, and determine nature of roots using discriminant.","REQ_MATH_2026_013 | REQ_MATH_2026_014 | REQ_MATH_2026_015 | REQ_MATH_2026_016 | REQ_MATH_2026_017","Maths_SecP1X_2026-27.pdf Page 3","case_study","4","4","FRESH_REASSESSMENT","","A rectangular herb bed is being planned. Its length is to be 3 metres more than its breadth and its area must be 154 square metres.  Form a quadratic equation for the breadth and find the length and breadth.","","b^2 + 3b - 154 = 0; breadth 11 m and length 14 m","The discriminant is 9 + 616 = 625, so b = (-3 + 25)/2 = 11 and the length is 14. The negative root is rejected as a length.","Answer-key match with educator override. 4 marks maximum, partial credit at reviewer discretion.","draft / unverified","none","NUMERIC_CHECK STIMULUS_EMBEDDED","","","","","",""
"C10-2627-MATH-REQ013-REASS-004","Mathematics","Algebra","Quadratic Equations","Solution of Quadratic Equations and Discriminant","LO_M4.1.1","Solve quadratic equations using factorization and quadratic formula, and determine nature of roots using discriminant.","REQ_MATH_2026_013 | REQ_MATH_2026_014 | REQ_MATH_2026_015 | REQ_MATH_2026_016 | REQ_MATH_2026_017","Maths_SecP1X_2026-27.pdf Page 3","short_answer","4","3","FRESH_REASSESSMENT","","The sum of the squares of two consecutive positive integers is 313. Find the integers.","","12 and 13","n^2 + (n + 1)^2 = 313 gives 2n^2 + 2n - 312 = 0, that is n^2 + n - 156 = 0, so n = 12 and the integers are 12 and 13.","Answer-key match with educator override. 3 marks maximum, partial credit at reviewer discretion.","draft / unverified","none","NUMERIC_CHECK","","","","","",""
"C10-2627-MATH-REQ013-REASS-005","Mathematics","Algebra","Quadratic Equations","Solution of Quadratic Equations and Discriminant","LO_M4.1.1","Solve quadratic equations using factorization and quadratic formula, and determine nature of roots using discriminant.","REQ_MATH_2026_013 | REQ_MATH_2026_014 | REQ_MATH_2026_015 | REQ_MATH_2026_016 | REQ_MATH_2026_017","Maths_SecP1X_2026-27.pdf Page 3","assertion_reason","2","1","FRESH_REASSESSMENT","","Assertion (A): The equation x^2 + 4x + 4 = 0 has two equal roots. Reason (R): A quadratic equation has equal roots when its discriminant is zero. Choose the correct option.","Both A and R are true and R is the correct explanation of A. | Both A and R are true but R is not the correct explanation of A. | A is true but R is false. | A is false but R is true.","Both A and R are true and R is the correct explanation of A.","The discriminant here is 16 - 16 = 0, so the equation has the repeated root -2, which is exactly the condition in the reason.","Exact option match. 1 mark for the correct option, 0 otherwise.","draft / unverified","none","none","","","","","",""
"C10-2627-MATH-REQ018-DIAG-001","Mathematics","Algebra","Arithmetic Progressions","nth Term and Sum of n Terms of an AP","LO_M5.1.1","Derive and apply formulas for the nth term (an) and sum of first n terms (Sn) of an Arithmetic Progression.","REQ_MATH_2026_018 | REQ_MATH_2026_019 | REQ_MATH_2026_020 | REQ_MATH_2026_021","Maths_SecP1X_2026-27.pdf Page 3","short_answer","2","2","DIAGNOSTIC","","Find the 11th term of the arithmetic progression 5, 9, 13, ...","","45","Here a = 5 and d = 4, so a11 = a + 10d = 5 + 40 = 45.","Answer-key match with educator override. 2 marks maximum, partial credit at reviewer discretion.","draft / unverified","none","NUMERIC_CHECK","","","","","",""
"C10-2627-MATH-REQ018-DIAG-002","Mathematics","Algebra","Arithmetic Progressions","nth Term and Sum of n Terms of an AP","LO_M5.1.1","Derive and apply formulas for the nth term (an) and sum of first n terms (Sn) of an Arithmetic Progression.","REQ_MATH_2026_018 | REQ_MATH_2026_019 | REQ_MATH_2026_020 | REQ_MATH_2026_021","Maths_SecP1X_2026-27.pdf Page 3","mcq","3","1","DIAGNOSTIC","","Find the sum of the first 20 terms of the arithmetic progression 3, 7, 11, ...","840 | 760 | 820 | 800","820","With a = 3, d = 4 and n = 20, Sn = (n/2)(2a + (n - 1)d) = 10 x (6 + 76) = 820.","Exact option match. 1 mark for the correct option, 0 otherwise.","draft / unverified","none","NUMERIC_CHECK","","","","","",""
"C10-2627-MATH-REQ018-REASS-001","Mathematics","Algebra","Arithmetic Progressions","nth Term and Sum of n Terms of an AP","LO_M5.1.1","Derive and apply formulas for the nth term (an) and sum of first n terms (Sn) of an Arithmetic Progression.","REQ_MATH_2026_018 | REQ_MATH_2026_019 | REQ_MATH_2026_020 | REQ_MATH_2026_021","Maths_SecP1X_2026-27.pdf Page 3","short_answer","3","3","FRESH_REASSESSMENT","","Which term of the arithmetic progression 21, 18, 15, ... is -81?","","the 35th term","Here a = 21 and d = -3, so 21 - 3(n - 1) = -81 gives 3(n - 1) = 102 and n = 35.","Answer-key match with educator override. 3 marks maximum, partial credit at reviewer discretion.","draft / unverified","none","NUMERIC_CHECK","","","","","",""
"C10-2627-MATH-REQ018-REASS-002","Mathematics","Algebra","Arithmetic Progressions","nth Term and Sum of n Terms of an AP","LO_M5.1.1","Derive and apply formulas for the nth term (an) and sum of first n terms (Sn) of an Arithmetic Progression.","REQ_MATH_2026_018 | REQ_MATH_2026_019 | REQ_MATH_2026_020 | REQ_MATH_2026_021","Maths_SecP1X_2026-27.pdf Page 3","mcq","3","1","FRESH_REASSESSMENT","","Find the sum of the first 15 multiples of 8.","900 | 960 | 840 | 1080","960","The multiples form an AP with a = 8 and d = 8, so S15 = 8(1 + 2 + ... + 15) = 8 x 120 = 960.","Exact option match. 1 mark for the correct option, 0 otherwise.","draft / unverified","none","NUMERIC_CHECK","","","","","",""
"C10-2627-MATH-REQ018-REASS-003","Mathematics","Algebra","Arithmetic Progressions","nth Term and Sum of n Terms of an AP","LO_M5.1.1","Derive and apply formulas for the nth term (an) and sum of first n terms (Sn) of an Arithmetic Progression.","REQ_MATH_2026_018 | REQ_MATH_2026_019 | REQ_MATH_2026_020 | REQ_MATH_2026_021","Maths_SecP1X_2026-27.pdf Page 3","case_study","3","4","FRESH_REASSESSMENT","","A parent saves 200 rupees in the first month of the year and increases the amount saved by 50 rupees every following month, keeping this up for twelve months.  How much is saved in total over the twelve months?","","5700 rupees","The savings form an AP with a = 200 and d = 50, so S12 = (12/2)(400 + 11 x 50) = 6 x 950 = 5700.","Answer-key match with educator override. 4 marks maximum, partial credit at reviewer discretion.","draft / unverified","none","NUMERIC_CHECK STIMULUS_EMBEDDED","","","","","",""
"C10-2627-MATH-REQ018-REASS-004","Mathematics","Algebra","Arithmetic Progressions","nth Term and Sum of n Terms of an AP","LO_M5.1.1","Derive and apply formulas for the nth term (an) and sum of first n terms (Sn) of an Arithmetic Progression.","REQ_MATH_2026_018 | REQ_MATH_2026_019 | REQ_MATH_2026_020 | REQ_MATH_2026_021","Maths_SecP1X_2026-27.pdf Page 3","short_answer","4","3","FRESH_REASSESSMENT","","In an arithmetic progression the first term is 7 and the 13th term is 35. Find the common difference and the sum of the first 13 terms.","","d = 7/3 and S13 = 273","a13 = a + 12d gives 35 = 7 + 12d, so d = 28/12 = 7/3. Then S13 = (13/2)(7 + 35) = 273.","Answer-key match with educator override. 3 marks maximum, partial credit at reviewer discretion.","draft / unverified","none","NUMERIC_CHECK","","","","","",""
"C10-2627-MATH-REQ018-REASS-005","Mathematics","Algebra","Arithmetic Progressions","nth Term and Sum of n Terms of an AP","LO_M5.1.1","Derive and apply formulas for the nth term (an) and sum of first n terms (Sn) of an Arithmetic Progression.","REQ_MATH_2026_018 | REQ_MATH_2026_019 | REQ_MATH_2026_020 | REQ_MATH_2026_021","Maths_SecP1X_2026-27.pdf Page 3","assertion_reason","2","1","FRESH_REASSESSMENT","","Assertion (A): The terms of every arithmetic progression increase as n increases. Reason (R): In an arithmetic progression each term differs from the previous one by a fixed number d. Choose the correct option.","Both A and R are true and R is the correct explanation of A. | Both A and R are true but R is not the correct explanation of A. | A is true but R is false. | A is false but R is true.","A is false but R is true.","The fixed difference may be negative, as in 10, 7, 4, ..., where the terms decrease. So A is false while R is true.","Exact option match. 1 mark for the correct option, 0 otherwise.","draft / unverified","none","none","","","","","",""
"C10-2627-MATH-REQ022-DIAG-001","Mathematics","Coordinate Geometry","Coordinate Geometry","Distance and Section Formulas","LO_M7.1.1","Derive and apply Distance Formula and Section Formula in Cartesian coordinate space.","REQ_MATH_2026_022 | REQ_MATH_2026_023","Maths_SecP1X_2026-27.pdf Page 3","short_answer","2","2","DIAGNOSTIC","","Find the distance between the points A(3, 4) and B(-1, 1).","","5 units","The distance is root((3 - (-1))^2 + (4 - 1)^2) = root(16 + 9) = 5 units.","Answer-key match with educator override. 2 marks maximum, partial credit at reviewer discretion.","draft / unverified","none","NUMERIC_CHECK","","","","","",""
"C10-2627-MATH-REQ022-DIAG-002","Mathematics","Coordinate Geometry","Coordinate Geometry","Distance and Section Formulas","LO_M7.1.1","Derive and apply Distance Formula and Section Formula in Cartesian coordinate space.","REQ_MATH_2026_022 | REQ_MATH_2026_023","Maths_SecP1X_2026-27.pdf Page 3","short_answer","2","2","DIAGNOSTIC","","Find the distance of the point P(7, 24) from the origin.","","25 units","The distance from the origin is root(7^2 + 24^2) = root 625 = 25 units.","Answer-key match with educator override. 2 marks maximum, partial credit at reviewer discretion.","draft / unverified","none","NUMERIC_CHECK","","","","","",""
"C10-2627-MATH-REQ022-DIAG-003","Mathematics","Coordinate Geometry","Coordinate Geometry","Distance and Section Formulas","LO_M7.1.1","Derive and apply Distance Formula and Section Formula in Cartesian coordinate space.","REQ_MATH_2026_022 | REQ_MATH_2026_023","Maths_SecP1X_2026-27.pdf Page 3","short_answer","4","3","DIAGNOSTIC","","Find the point on the x-axis that is equidistant from A(2, -5) and B(-2, 9).","","(-7, 0)","Let the point be (x, 0). Then (x - 2)^2 + 25 = (x + 2)^2 + 81, so -8x = 56 and x = -7.","Answer-key match with educator override. 3 marks maximum, partial credit at reviewer discretion.","draft / unverified","none","NUMERIC_CHECK","","","","","",""
"C10-2627-MATH-REQ022-DIAG-004","Mathematics","Coordinate Geometry","Coordinate Geometry","Distance and Section Formulas","LO_M7.1.1","Derive and apply Distance Formula and Section Formula in Cartesian coordinate space.","REQ_MATH_2026_022 | REQ_MATH_2026_023","Maths_SecP1X_2026-27.pdf Page 3","mcq","1","1","DIAGNOSTIC","","The midpoint of the line segment joining (-3, 7) and (5, -1) is","(4, 3) | (1, 3) | (2, 6) | (-1, 4)","(1, 3)","The midpoint is ((-3 + 5)/2, (7 + (-1))/2) = (1, 3).","Exact option match. 1 mark for the correct option, 0 otherwise.","draft / unverified","none","NUMERIC_CHECK","","","","","",""
"C10-2627-MATH-REQ022-DIAG-005","Mathematics","Coordinate Geometry","Coordinate Geometry","Distance and Section Formulas","LO_M7.1.1","Derive and apply Distance Formula and Section Formula in Cartesian coordinate space.","REQ_MATH_2026_022 | REQ_MATH_2026_023","Maths_SecP1X_2026-27.pdf Page 3","short_answer","3","3","DIAGNOSTIC","","Find the coordinates of the point that divides the line segment joining (1, 2) and (6, 7) internally in the ratio 2 : 3.","","(3, 4)","By the section formula the point is ((2 x 6 + 3 x 1)/5, (2 x 7 + 3 x 2)/5) = (15/5, 20/5) = (3, 4).","Answer-key match with educator override. 3 marks maximum, partial credit at reviewer discretion.","draft / unverified","none","NUMERIC_CHECK","","","","","",""
"C10-2627-MATH-REQ022-DIAG-006","Mathematics","Coordinate Geometry","Coordinate Geometry","Distance and Section Formulas","LO_M7.1.1","Derive and apply Distance Formula and Section Formula in Cartesian coordinate space.","REQ_MATH_2026_022 | REQ_MATH_2026_023","Maths_SecP1X_2026-27.pdf Page 3","case_study","3","4","DIAGNOSTIC","","A rectangular park is mapped on a coordinate grid in which one unit represents 10 metres. The east gate is at E(2, 3) and the north gate is at N(8, 11).  Find the straight-line distance between the two gates in metres.","","100 metres","The distance on the grid is root(36 + 64) = 10 units, and each unit is 10 m, so the gates are 100 m apart.","Answer-key match with educator override. 4 marks maximum, partial credit at reviewer discretion.","draft / unverified","none","NUMERIC_CHECK STIMULUS_EMBEDDED","","","","","",""
"C10-2627-MATH-REQ022-DIAG-007","Mathematics","Coordinate Geometry","Coordinate Geometry","Distance and Section Formulas","LO_M7.1.1","Derive and apply Distance Formula and Section Formula in Cartesian coordinate space.","REQ_MATH_2026_022 | REQ_MATH_2026_023","Maths_SecP1X_2026-27.pdf Page 3","mcq","3","1","DIAGNOSTIC","","The triangle with vertices O(0, 0), A(4, 0) and B(0, 4) is","scalene and obtuse | right angled and scalene | right angled and isosceles | equilateral","right angled and isosceles","OA = OB = 4 and the angle at O between the axes is 90 degrees, so the triangle is right angled and isosceles.","Exact option match. 1 mark for the correct option, 0 otherwise.","draft / unverified","none","NUMERIC_CHECK","","","","","",""
"C10-2627-MATH-REQ022-DIAG-008","Mathematics","Coordinate Geometry","Coordinate Geometry","Distance and Section Formulas","LO_M7.1.1","Derive and apply Distance Formula and Section Formula in Cartesian coordinate space.","REQ_MATH_2026_022 | REQ_MATH_2026_023","Maths_SecP1X_2026-27.pdf Page 3","short_answer","3","3","DIAGNOSTIC","","The distance between the points (2, y) and (10, -1) is 10 units. Find the possible values of y.","","y = 5 or y = -7","64 + (y + 1)^2 = 100 gives (y + 1)^2 = 36, so y + 1 = 6 or -6 and y = 5 or -7.","Answer-key match with educator override. 3 marks maximum, partial credit at reviewer discretion.","draft / unverified","none","NUMERIC_CHECK","","","","","",""
"C10-2627-MATH-REQ022-DIAG-009","Mathematics","Coordinate Geometry","Coordinate Geometry","Distance and Section Formulas","LO_M7.1.1","Derive and apply Distance Formula and Section Formula in Cartesian coordinate space.","REQ_MATH_2026_022 | REQ_MATH_2026_023","Maths_SecP1X_2026-27.pdf Page 3","short_answer","4","4","DIAGNOSTIC","","Find the coordinates of the points of trisection of the line segment joining A(2, -2) and B(-7, 4).","","(-1, 0) and (-4, 2)","Dividing in 1 : 2 gives ((1 x -7 + 2 x 2)/3, (1 x 4 + 2 x -2)/3) = (-1, 0), and dividing in 2 : 1 gives (-4, 2).","Answer-key match with educator override. 4 marks maximum, partial credit at reviewer discretion.","draft / unverified","none","NUMERIC_CHECK","","","","","",""
"C10-2627-MATH-REQ022-DIAG-010","Mathematics","Coordinate Geometry","Coordinate Geometry","Distance and Section Formulas","LO_M7.1.1","Derive and apply Distance Formula and Section Formula in Cartesian coordinate space.","REQ_MATH_2026_022 | REQ_MATH_2026_023","Maths_SecP1X_2026-27.pdf Page 3","assertion_reason","2","1","DIAGNOSTIC","","Assertion (A): The midpoint of a segment divides it in the ratio 1 : 1. Reason (R): The section formula with m = n reduces to the average of the coordinates of the endpoints. Choose the correct option.","Both A and R are true and R is the correct explanation of A. | Both A and R are true but R is not the correct explanation of A. | A is true but R is false. | A is false but R is true.","Both A and R are true and R is the correct explanation of A.","Putting m = n in the section formula gives ((x1 + x2)/2, (y1 + y2)/2), which is exactly the midpoint.","Exact option match. 1 mark for the correct option, 0 otherwise.","draft / unverified","none","none","","","","","",""
"C10-2627-MATH-REQ022-DIAG-011","Mathematics","Coordinate Geometry","Coordinate Geometry","Distance and Section Formulas","LO_M7.1.1","Derive and apply Distance Formula and Section Formula in Cartesian coordinate space.","REQ_MATH_2026_022 | REQ_MATH_2026_023","Maths_SecP1X_2026-27.pdf Page 3","short_answer","4","3","DIAGNOSTIC","","In what ratio does the x-axis divide the line segment joining A(2, -3) and B(5, 6)?","","1 : 2","On the x-axis the y-coordinate is 0, so (6m - 3n)/(m + n) = 0, giving 6m = 3n and m : n = 1 : 2.","Answer-key match with educator override. 3 marks maximum, partial credit at reviewer discretion.","draft / unverified","none","NUMERIC_CHECK","","","","","",""
"C10-2627-MATH-REQ022-DIAG-012","Mathematics","Coordinate Geometry","Coordinate Geometry","Distance and Section Formulas","LO_M7.1.1","Derive and apply Distance Formula and Section Formula in Cartesian coordinate space.","REQ_MATH_2026_022 | REQ_MATH_2026_023","Maths_SecP1X_2026-27.pdf Page 3","mcq","2","1","DIAGNOSTIC","","The distance between the points (a, 0) and (0, b) is","a + b | root(a^2 - b^2) | |a - b| | root(a^2 + b^2)","root(a^2 + b^2)","The distance formula gives root((a - 0)^2 + (0 - b)^2) = root(a^2 + b^2).","Exact option match. 1 mark for the correct option, 0 otherwise.","draft / unverified","none","none","","","","","",""
"C10-2627-MATH-REQ022-DIAG-013","Mathematics","Coordinate Geometry","Coordinate Geometry","Distance and Section Formulas","LO_M7.1.1","Derive and apply Distance Formula and Section Formula in Cartesian coordinate space.","REQ_MATH_2026_022 | REQ_MATH_2026_023","Maths_SecP1X_2026-27.pdf Page 3","data_interpretation","3","3","DIAGNOSTIC","","Three sensors are placed on a coordinate grid: | Sensor | Position | | S1 | (3, 4) | | S2 | (-6, 2) | | S3 | (5, -12) |  Which sensor is nearest to the origin, and what is its distance?","","S1, at 5 units","The distances from the origin are 5, root 40 which is about 6.32, and 13, so S1 is nearest.","Answer-key match with educator override. 3 marks maximum, partial credit at reviewer discretion.","draft / unverified","none","NUMERIC_CHECK STIMULUS_EMBEDDED","","","","","",""
"C10-2627-MATH-REQ022-DIAG-014","Mathematics","Coordinate Geometry","Coordinate Geometry","Distance and Section Formulas","LO_M7.1.1","Derive and apply Distance Formula and Section Formula in Cartesian coordinate space.","REQ_MATH_2026_022 | REQ_MATH_2026_023","Maths_SecP1X_2026-27.pdf Page 3","short_answer","4","4","DIAGNOSTIC","","Three vertices of a parallelogram taken in order are A(1, 2), B(4, 3) and C(6, 6). Find the fourth vertex D.","","(3, 5)","The diagonals of a parallelogram bisect each other, so the midpoint of AC equals the midpoint of BD. Hence D = A + C - B = (1 + 6 - 4, 2 + 6 - 3) = (3, 5).","Answer-key match with educator override. 4 marks maximum, partial credit at reviewer discretion.","draft / unverified","none","NUMERIC_CHECK","","","","","",""
"C10-2627-MATH-REQ022-DIAG-015","Mathematics","Coordinate Geometry","Coordinate Geometry","Distance and Section Formulas","LO_M7.1.1","Derive and apply Distance Formula and Section Formula in Cartesian coordinate space.","REQ_MATH_2026_022 | REQ_MATH_2026_023","Maths_SecP1X_2026-27.pdf Page 3","short_answer","3","2","DIAGNOSTIC","","The endpoints of a diameter of a circle are (-2, 3) and (8, -5). Find the centre of the circle.","","(3, -1)","The centre is the midpoint of the diameter, ((-2 + 8)/2, (3 + (-5))/2) = (3, -1).","Answer-key match with educator override. 2 marks maximum, partial credit at reviewer discretion.","draft / unverified","none","NUMERIC_CHECK","","","","","",""
"C10-2627-MATH-REQ022-DIAG-016","Mathematics","Coordinate Geometry","Coordinate Geometry","Distance and Section Formulas","LO_M7.1.1","Derive and apply Distance Formula and Section Formula in Cartesian coordinate space.","REQ_MATH_2026_022 | REQ_MATH_2026_023","Maths_SecP1X_2026-27.pdf Page 3","case_study","4","4","DIAGNOSTIC","","A delivery rider starts at the depot D(0, 0), rides to a customer at C1(6, 8) and then to a second customer at C2(6, 20). Each grid unit is one kilometre and the rider travels in straight lines.  Find the total distance ridden from the depot to the second customer.","","22 km","D to C1 is root(36 + 64) = 10 km and C1 to C2 is root(0 + 144) = 12 km, so the total is 22 km.","Answer-key match with educator override. 4 marks maximum, partial credit at reviewer discretion.","draft / unverified","none","NUMERIC_CHECK STIMULUS_EMBEDDED","","","","","",""
"C10-2627-MATH-REQ022-DIAG-017","Mathematics","Coordinate Geometry","Coordinate Geometry","Distance and Section Formulas","LO_M7.1.1","Derive and apply Distance Formula and Section Formula in Cartesian coordinate space.","REQ_MATH_2026_022 | REQ_MATH_2026_023","Maths_SecP1X_2026-27.pdf Page 3","true_false","2","1","DIAGNOSTIC","","State whether the following is true or false, and justify in one line: The points (1, 1), (2, 2) and (3, 3) are collinear.","True | False","True","The distances give AB = BC = root 2 and AC = 2 root 2, so AB + BC = AC and the points lie on one line.","Exact option match. 1 mark for the correct option, 0 otherwise.","draft / unverified","none","none","","","","","",""
"C10-2627-MATH-REQ022-REASS-001","Mathematics","Coordinate Geometry","Coordinate Geometry","Distance and Section Formulas","LO_M7.1.1","Derive and apply Distance Formula and Section Formula in Cartesian coordinate space.","REQ_MATH_2026_022 | REQ_MATH_2026_023","Maths_SecP1X_2026-27.pdf Page 3","short_answer","2","2","FRESH_REASSESSMENT","","Find the distance between the points P(-5, 7) and Q(-1, 3), leaving the answer in surd form.","","4 root 2 units","The distance is root((-5 + 1)^2 + (7 - 3)^2) = root 32 = 4 root 2 units, about 5.66 units.","Answer-key match with educator override. 2 marks maximum, partial credit at reviewer discretion.","draft / unverified","none","NUMERIC_CHECK","","","","","",""
"C10-2627-MATH-REQ022-REASS-002","Mathematics","Coordinate Geometry","Coordinate Geometry","Distance and Section Formulas","LO_M7.1.1","Derive and apply Distance Formula and Section Formula in Cartesian coordinate space.","REQ_MATH_2026_022 | REQ_MATH_2026_023","Maths_SecP1X_2026-27.pdf Page 3","short_answer","2","2","FRESH_REASSESSMENT","","How far is the point (-9, 12) from the origin?","","15 units","The distance is root(81 + 144) = root 225 = 15 units.","Answer-key match with educator override. 2 marks maximum, partial credit at reviewer discretion.","draft / unverified","none","NUMERIC_CHECK","","","","","",""
"C10-2627-MATH-REQ022-REASS-003","Mathematics","Coordinate Geometry","Coordinate Geometry","Distance and Section Formulas","LO_M7.1.1","Derive and apply Distance Formula and Section Formula in Cartesian coordinate space.","REQ_MATH_2026_022 | REQ_MATH_2026_023","Maths_SecP1X_2026-27.pdf Page 3","short_answer","4","3","FRESH_REASSESSMENT","","Find the point on the y-axis that is equidistant from A(5, -2) and B(-3, 2).","","(0, -2)","Let the point be (0, y). Then 25 + (y + 2)^2 = 9 + (y - 2)^2, so 8y = -16 and y = -2.","Answer-key match with educator override. 3 marks maximum, partial credit at reviewer discretion.","draft / unverified","none","NUMERIC_CHECK","","","","","",""
"C10-2627-MATH-REQ022-REASS-004","Mathematics","Coordinate Geometry","Coordinate Geometry","Distance and Section Formulas","LO_M7.1.1","Derive and apply Distance Formula and Section Formula in Cartesian coordinate space.","REQ_MATH_2026_022 | REQ_MATH_2026_023","Maths_SecP1X_2026-27.pdf Page 3","mcq","1","1","FRESH_REASSESSMENT","","The midpoint of the segment joining (7, -3) and (-1, 9) is","(4, 6) | (3, 6) | (6, 3) | (3, 3)","(3, 3)","The midpoint is ((7 - 1)/2, (-3 + 9)/2) = (3, 3).","Exact option match. 1 mark for the correct option, 0 otherwise.","draft / unverified","none","NUMERIC_CHECK","","","","","",""
"C10-2627-MATH-REQ022-REASS-005","Mathematics","Coordinate Geometry","Coordinate Geometry","Distance and Section Formulas","LO_M7.1.1","Derive and apply Distance Formula and Section Formula in Cartesian coordinate space.","REQ_MATH_2026_022 | REQ_MATH_2026_023","Maths_SecP1X_2026-27.pdf Page 3","short_answer","3","3","FRESH_REASSESSMENT","","Find the point dividing the segment joining (-1, 7) and (4, -3) internally in the ratio 3 : 1.","","(11/4, -1/2)","By the section formula the point is ((3 x 4 + 1 x -1)/4, (3 x -3 + 1 x 7)/4) = (11/4, -2/4) = (11/4, -1/2).","Answer-key match with educator override. 3 marks maximum, partial credit at reviewer discretion.","draft / unverified","none","NUMERIC_CHECK","","","","","",""
"C10-2627-MATH-REQ022-REASS-006","Mathematics","Coordinate Geometry","Coordinate Geometry","Distance and Section Formulas","LO_M7.1.1","Derive and apply Distance Formula and Section Formula in Cartesian coordinate space.","REQ_MATH_2026_022 | REQ_MATH_2026_023","Maths_SecP1X_2026-27.pdf Page 3","case_study","3","4","FRESH_REASSESSMENT","","Two mobile towers are marked on a survey grid at T1(-4, -3) and T2(8, 2), where one grid unit represents 100 metres.  Find the distance between the towers in metres.","","1300 metres","The grid distance is root(144 + 25) = 13 units, and each unit is 100 m, so the towers are 1300 m apart.","Answer-key match with educator override. 4 marks maximum, partial credit at reviewer discretion.","draft / unverified","none","NUMERIC_CHECK STIMULUS_EMBEDDED","","","","","",""
"C10-2627-MATH-REQ022-REASS-007","Mathematics","Coordinate Geometry","Coordinate Geometry","Distance and Section Formulas","LO_M7.1.1","Derive and apply Distance Formula and Section Formula in Cartesian coordinate space.","REQ_MATH_2026_022 | REQ_MATH_2026_023","Maths_SecP1X_2026-27.pdf Page 3","mcq","3","1","FRESH_REASSESSMENT","","The perimeter of the triangle with vertices (0, 0), (3, 0) and (0, 4) is","10 units | 14 units | 12 units | 7 units","12 units","The side lengths are 3, 4 and root(9 + 16) = 5, so the perimeter is 12 units.","Exact option match. 1 mark for the correct option, 0 otherwise.","draft / unverified","none","NUMERIC_CHECK","","","","","",""
"C10-2627-MATH-REQ022-REASS-008","Mathematics","Coordinate Geometry","Coordinate Geometry","Distance and Section Formulas","LO_M7.1.1","Derive and apply Distance Formula and Section Formula in Cartesian coordinate space.","REQ_MATH_2026_022 | REQ_MATH_2026_023","Maths_SecP1X_2026-27.pdf Page 3","short_answer","3","3","FRESH_REASSESSMENT","","The distance between (x, 2) and (3, -6) is 17 units. Find the possible values of x.","","x = 18 or x = -12","(x - 3)^2 + 64 = 289 gives (x - 3)^2 = 225, so x - 3 = 15 or -15 and x = 18 or -12.","Answer-key match with educator override. 3 marks maximum, partial credit at reviewer discretion.","draft / unverified","none","NUMERIC_CHECK","","","","","",""
"C10-2627-MATH-REQ022-REASS-009","Mathematics","Coordinate Geometry","Coordinate Geometry","Distance and Section Formulas","LO_M7.1.1","Derive and apply Distance Formula and Section Formula in Cartesian coordinate space.","REQ_MATH_2026_022 | REQ_MATH_2026_023","Maths_SecP1X_2026-27.pdf Page 3","short_answer","4","4","FRESH_REASSESSMENT","","Find the two points that divide the segment joining A(-2, 2) and B(7, -4) in the ratios 1 : 2 and 2 : 1.","","(1, 0) and (4, -2)","For 1 : 2 the point is ((7 + 2 x -2)/3, (-4 + 2 x 2)/3) = (1, 0); for 2 : 1 it is ((14 - 2)/3, (-8 + 2)/3) = (4, -2).","Answer-key match with educator override. 4 marks maximum, partial credit at reviewer discretion.","draft / unverified","none","NUMERIC_CHECK","","","","","",""
"C10-2627-MATH-REQ022-REASS-010","Mathematics","Coordinate Geometry","Coordinate Geometry","Distance and Section Formulas","LO_M7.1.1","Derive and apply Distance Formula and Section Formula in Cartesian coordinate space.","REQ_MATH_2026_022 | REQ_MATH_2026_023","Maths_SecP1X_2026-27.pdf Page 3","assertion_reason","3","1","FRESH_REASSESSMENT","","Assertion (A): A point dividing a segment externally cannot be found with the internal section formula as it stands. Reason (R): The internal section formula uses the sum m + n in its denominator. Choose the correct option.","Both A and R are true and R is the correct explanation of A. | Both A and R are true but R is not the correct explanation of A. | A is true but R is false. | A is false but R is true.","Both A and R are true and R is the correct explanation of A.","External division requires the difference of the ratio parts, so the internal formula with m + n does not apply unmodified.","Exact option match. 1 mark for the correct option, 0 otherwise.","draft / unverified","none","none","","","","","",""
"C10-2627-MATH-REQ022-REASS-011","Mathematics","Coordinate Geometry","Coordinate Geometry","Distance and Section Formulas","LO_M7.1.1","Derive and apply Distance Formula and Section Formula in Cartesian coordinate space.","REQ_MATH_2026_022 | REQ_MATH_2026_023","Maths_SecP1X_2026-27.pdf Page 3","short_answer","4","3","FRESH_REASSESSMENT","","In what ratio does the y-axis divide the segment joining A(-3, 5) and B(6, -2)?","","1 : 2","On the y-axis x = 0, so (6m - 3n)/(m + n) = 0, giving 6m = 3n and m : n = 1 : 2.","Answer-key match with educator override. 3 marks maximum, partial credit at reviewer discretion.","draft / unverified","none","NUMERIC_CHECK","","","","","",""
"C10-2627-MATH-REQ022-REASS-012","Mathematics","Coordinate Geometry","Coordinate Geometry","Distance and Section Formulas","LO_M7.1.1","Derive and apply Distance Formula and Section Formula in Cartesian coordinate space.","REQ_MATH_2026_022 | REQ_MATH_2026_023","Maths_SecP1X_2026-27.pdf Page 3","mcq","2","1","FRESH_REASSESSMENT","","The distance between the points (-a, -b) and (a, b) is","4(a^2 + b^2) | 2 root(a^2 + b^2) | root(a^2 + b^2) | 2(a + b)","2 root(a^2 + b^2)","The differences are 2a and 2b, so the distance is root(4a^2 + 4b^2) = 2 root(a^2 + b^2).","Exact option match. 1 mark for the correct option, 0 otherwise.","draft / unverified","none","none","","","","","",""
"C10-2627-MATH-REQ022-REASS-013","Mathematics","Coordinate Geometry","Coordinate Geometry","Distance and Section Formulas","LO_M7.1.1","Derive and apply Distance Formula and Section Formula in Cartesian coordinate space.","REQ_MATH_2026_022 | REQ_MATH_2026_023","Maths_SecP1X_2026-27.pdf Page 3","data_interpretation","3","3","FRESH_REASSESSMENT","","Distances of three points from the origin are to be compared: | Point | Coordinates | | A | (8, 15) | | B | (-12, 5) | | C | (9, -12) |  List the points in increasing order of their distance from the origin.","","B (13), C (15), A (17)","The distances are root 289 = 17, root 169 = 13 and root 225 = 15 respectively.","Answer-key match with educator override. 3 marks maximum, partial credit at reviewer discretion.","draft / unverified","none","NUMERIC_CHECK STIMULUS_EMBEDDED","","","","","",""
"C10-2627-MATH-REQ022-REASS-014","Mathematics","Coordinate Geometry","Coordinate Geometry","Distance and Section Formulas","LO_M7.1.1","Derive and apply Distance Formula and Section Formula in Cartesian coordinate space.","REQ_MATH_2026_022 | REQ_MATH_2026_023","Maths_SecP1X_2026-27.pdf Page 3","short_answer","4","4","FRESH_REASSESSMENT","","Three consecutive vertices of a parallelogram are A(-1, 0), B(3, 1) and C(2, 2). Find the fourth vertex D.","","(-2, 1)","Since the diagonals bisect each other, D = A + C - B = (-1 + 2 - 3, 0 + 2 - 1) = (-2, 1).","Answer-key match with educator override. 4 marks maximum, partial credit at reviewer discretion.","draft / unverified","none","NUMERIC_CHECK","","","","","",""
"C10-2627-MATH-REQ022-REASS-015","Mathematics","Coordinate Geometry","Coordinate Geometry","Distance and Section Formulas","LO_M7.1.1","Derive and apply Distance Formula and Section Formula in Cartesian coordinate space.","REQ_MATH_2026_022 | REQ_MATH_2026_023","Maths_SecP1X_2026-27.pdf Page 3","short_answer","4","4","FRESH_REASSESSMENT","","The endpoints of a diameter of a circle are (4, -1) and (-2, 5). Find the centre and the radius.","","Centre (1, 2) and radius 3 root 2 units","The centre is the midpoint (1, 2). The diameter is root(36 + 36) = 6 root 2, so the radius is 3 root 2, about 4.24 units.","Answer-key match with educator override. 4 marks maximum, partial credit at reviewer discretion.","draft / unverified","none","NUMERIC_CHECK","","","","","",""
"C10-2627-MATH-REQ022-REASS-016","Mathematics","Coordinate Geometry","Coordinate Geometry","Distance and Section Formulas","LO_M7.1.1","Derive and apply Distance Formula and Section Formula in Cartesian coordinate space.","REQ_MATH_2026_022 | REQ_MATH_2026_023","Maths_SecP1X_2026-27.pdf Page 3","case_study","4","4","FRESH_REASSESSMENT","","A warehouse at W(0, 0) supplies two stores on a delivery grid where one unit is one kilometre. Store P is at (9, 12) and store Q is at (-8, 6). A van visits P first, returns to the warehouse, and then goes to Q.  Find the total distance travelled by the van.","","40 km","W to P and back is 2 x 15 = 30 km, and W to Q is root(64 + 36) = 10 km, giving 40 km in all.","Answer-key match with educator override. 4 marks maximum, partial credit at reviewer discretion.","draft / unverified","none","NUMERIC_CHECK STIMULUS_EMBEDDED","","","","","",""
"C10-2627-MATH-REQ022-REASS-017","Mathematics","Coordinate Geometry","Coordinate Geometry","Distance and Section Formulas","LO_M7.1.1","Derive and apply Distance Formula and Section Formula in Cartesian coordinate space.","REQ_MATH_2026_022 | REQ_MATH_2026_023","Maths_SecP1X_2026-27.pdf Page 3","true_false","2","1","FRESH_REASSESSMENT","","State whether the following is true or false, and justify in one line: The points (1, 2), (3, 6) and (5, 10) lie on a single straight line.","True | False","True","AB = root 20, BC = root 20 and AC = root 80 = 2 root 20, so AB + BC = AC and the points are collinear.","Exact option match. 1 mark for the correct option, 0 otherwise.","draft / unverified","none","none","","","","","",""
"C10-2627-MATH-REQ022-REASS-018","Mathematics","Coordinate Geometry","Coordinate Geometry","Distance and Section Formulas","LO_M7.1.1","Derive and apply Distance Formula and Section Formula in Cartesian coordinate space.","REQ_MATH_2026_022 | REQ_MATH_2026_023","Maths_SecP1X_2026-27.pdf Page 3","short_answer","2","2","FRESH_REASSESSMENT","","Find the perimeter of the triangle whose vertices are (0, 0), (6, 0) and (0, 8).","","24 units","The legs are 6 and 8 and the hypotenuse is root(36 + 64) = 10, so the perimeter is 24 units.","Answer-key match with educator override. 2 marks maximum, partial credit at reviewer discretion.","draft / unverified","none","NUMERIC_CHECK","","","","","",""
"C10-2627-MATH-REQ022-REASS-019","Mathematics","Coordinate Geometry","Coordinate Geometry","Distance and Section Formulas","LO_M7.1.1","Derive and apply Distance Formula and Section Formula in Cartesian coordinate space.","REQ_MATH_2026_022 | REQ_MATH_2026_023","Maths_SecP1X_2026-27.pdf Page 3","mcq","2","1","FRESH_REASSESSMENT","","Which of the following points is equidistant from (0, 0) and (6, 0)?","(6, 5) | (0, 5) | (3, 5) | (2, 5)","(3, 5)","A point equidistant from the two ends lies on the perpendicular bisector x = 3, and only (3, 5) satisfies this.","Exact option match. 1 mark for the correct option, 0 otherwise.","draft / unverified","none","NUMERIC_CHECK","","","","","",""
"C10-2627-MATH-REQ022-REASS-020","Mathematics","Coordinate Geometry","Coordinate Geometry","Distance and Section Formulas","LO_M7.1.1","Derive and apply Distance Formula and Section Formula in Cartesian coordinate space.","REQ_MATH_2026_022 | REQ_MATH_2026_023","Maths_SecP1X_2026-27.pdf Page 3","short_answer","3","2","FRESH_REASSESSMENT","","The distance between (k, 3) and (2, 3) is 5 units. Find the values of k.","","k = 7 or k = -3","Since the y-coordinates match, |k - 2| = 5, so k = 7 or k = -3.","Answer-key match with educator override. 2 marks maximum, partial credit at reviewer discretion.","draft / unverified","none","NUMERIC_CHECK","","","","","",""
"C10-2627-MATH-REQ024-DIAG-001","Mathematics","Geometry","Triangles","Similarity of Triangles and Basic Proportionality Theorem","LO_M6.1.1","State and apply Basic Proportionality Theorem (Thales Theorem) and criteria for similarity (AAA, SAS, SSS).","REQ_MATH_2026_024 | REQ_MATH_2026_025 | REQ_MATH_2026_026","Maths_SecP1X_2026-27.pdf Page 4","short_answer","3","3","DIAGNOSTIC","","In triangle ABC, D lies on AB and E lies on AC with DE parallel to BC. If AD = 3 cm, DB = 5 cm and AE = 4 cm, find EC.","","20/3 cm","By the Basic Proportionality Theorem AD/DB = AE/EC, so 3/5 = 4/EC and EC = 20/3 cm.","Answer-key match with educator override. 3 marks maximum, partial credit at reviewer discretion.","draft / unverified","none","NUMERIC_CHECK","","","","","",""
"C10-2627-MATH-REQ024-DIAG-002","Mathematics","Geometry","Triangles","Similarity of Triangles and Basic Proportionality Theorem","LO_M6.1.1","State and apply Basic Proportionality Theorem (Thales Theorem) and criteria for similarity (AAA, SAS, SSS).","REQ_MATH_2026_024 | REQ_MATH_2026_025 | REQ_MATH_2026_026","Maths_SecP1X_2026-27.pdf Page 4","mcq","2","1","DIAGNOSTIC","","Two triangles are similar and their corresponding sides are in the ratio 3 : 5. The ratio of their areas is","27 : 125 | 9 : 25 | 3 : 5 | 5 : 3","9 : 25","The areas of similar triangles are in the ratio of the squares of corresponding sides, that is 3^2 : 5^2 = 9 : 25.","Exact option match. 1 mark for the correct option, 0 otherwise.","draft / unverified","none","NUMERIC_CHECK","","","","","",""
"C10-2627-MATH-REQ024-DIAG-003","Mathematics","Geometry","Triangles","Similarity of Triangles and Basic Proportionality Theorem","LO_M6.1.1","State and apply Basic Proportionality Theorem (Thales Theorem) and criteria for similarity (AAA, SAS, SSS).","REQ_MATH_2026_024 | REQ_MATH_2026_025 | REQ_MATH_2026_026","Maths_SecP1X_2026-27.pdf Page 4","short_answer","2","2","DIAGNOSTIC","","In one triangle two angles measure 50 degrees and 60 degrees. In another triangle two angles measure 60 degrees and 70 degrees. Are the triangles similar? Justify.","","Yes, by the AA criterion.","The third angles are 70 degrees and 50 degrees respectively, so both triangles have angles 50, 60 and 70 degrees and two pairs of equal angles suffice.","Answer-key match with educator override. 2 marks maximum, partial credit at reviewer discretion.","draft / unverified","none","none","","","","","",""
"C10-2627-MATH-REQ024-DIAG-004","Mathematics","Geometry","Triangles","Similarity of Triangles and Basic Proportionality Theorem","LO_M6.1.1","State and apply Basic Proportionality Theorem (Thales Theorem) and criteria for similarity (AAA, SAS, SSS).","REQ_MATH_2026_024 | REQ_MATH_2026_025 | REQ_MATH_2026_026","Maths_SecP1X_2026-27.pdf Page 4","case_study","3","4","DIAGNOSTIC","","At the same moment on a sunny morning, a vertical pole 6 m tall casts a shadow 4 m long on level ground, and a nearby communication tower casts a shadow 28 m long.  Find the height of the tower, stating the similarity criterion used.","","42 m, by AA similarity","The sun's rays make equal angles, so the two right triangles are similar by AA. Then h/28 = 6/4, giving h = 42 m.","Answer-key match with educator override. 4 marks maximum, partial credit at reviewer discretion.","draft / unverified","none","NUMERIC_CHECK STIMULUS_EMBEDDED","","","","","",""
"C10-2627-MATH-REQ024-DIAG-005","Mathematics","Geometry","Triangles","Similarity of Triangles and Basic Proportionality Theorem","LO_M6.1.1","State and apply Basic Proportionality Theorem (Thales Theorem) and criteria for similarity (AAA, SAS, SSS).","REQ_MATH_2026_024 | REQ_MATH_2026_025 | REQ_MATH_2026_026","Maths_SecP1X_2026-27.pdf Page 4","assertion_reason","3","1","DIAGNOSTIC","","Assertion (A): In triangle PQR, if a line cuts PQ and PR in the same ratio then it is parallel to QR. Reason (R): The converse of the Basic Proportionality Theorem holds for any triangle. Choose the correct option.","Both A and R are true and R is the correct explanation of A. | Both A and R are true but R is not the correct explanation of A. | A is true but R is false. | A is false but R is true.","Both A and R are true and R is the correct explanation of A.","The statement in A is precisely the converse named in R, which is a proved theorem for all triangles.","Exact option match. 1 mark for the correct option, 0 otherwise.","draft / unverified","none","none","","","","","",""
"C10-2627-MATH-REQ024-DIAG-006","Mathematics","Geometry","Triangles","Similarity of Triangles and Basic Proportionality Theorem","LO_M6.1.1","State and apply Basic Proportionality Theorem (Thales Theorem) and criteria for similarity (AAA, SAS, SSS).","REQ_MATH_2026_024 | REQ_MATH_2026_025 | REQ_MATH_2026_026","Maths_SecP1X_2026-27.pdf Page 4","short_answer","3","2","DIAGNOSTIC","","Triangle ABC is similar to triangle PQR with AB = 6 cm and PQ = 9 cm. If the perimeter of triangle ABC is 24 cm, find the perimeter of triangle PQR.","","36 cm","Perimeters of similar triangles are in the ratio of corresponding sides, 6 : 9 = 2 : 3, so the perimeter is 24 x 3/2 = 36 cm.","Answer-key match with educator override. 2 marks maximum, partial credit at reviewer discretion.","draft / unverified","none","NUMERIC_CHECK","","","","","",""
"C10-2627-MATH-REQ024-DIAG-007","Mathematics","Geometry","Triangles","Similarity of Triangles and Basic Proportionality Theorem","LO_M6.1.1","State and apply Basic Proportionality Theorem (Thales Theorem) and criteria for similarity (AAA, SAS, SSS).","REQ_MATH_2026_024 | REQ_MATH_2026_025 | REQ_MATH_2026_026","Maths_SecP1X_2026-27.pdf Page 4","true_false","1","1","DIAGNOSTIC","","State whether the following is true or false, and justify in one line: All squares are similar to one another.","True | False","True","Every square has four right angles and all its sides equal, so corresponding angles are equal and corresponding sides are proportional.","Exact option match. 1 mark for the correct option, 0 otherwise.","draft / unverified","none","none","","","","","",""
"C10-2627-MATH-REQ024-REASS-001","Mathematics","Geometry","Triangles","Similarity of Triangles and Basic Proportionality Theorem","LO_M6.1.1","State and apply Basic Proportionality Theorem (Thales Theorem) and criteria for similarity (AAA, SAS, SSS).","REQ_MATH_2026_024 | REQ_MATH_2026_025 | REQ_MATH_2026_026","Maths_SecP1X_2026-27.pdf Page 4","short_answer","3","3","FRESH_REASSESSMENT","","In triangle ABC, DE is parallel to BC with D on AB and E on AC. If AD : DB = 2 : 3 and AE = 6 cm, find EC.","","9 cm","By the Basic Proportionality Theorem AE/EC = AD/DB = 2/3, so EC = 6 x 3/2 = 9 cm.","Answer-key match with educator override. 3 marks maximum, partial credit at reviewer discretion.","draft / unverified","none","NUMERIC_CHECK","","","","","",""
"C10-2627-MATH-REQ024-REASS-002","Mathematics","Geometry","Triangles","Similarity of Triangles and Basic Proportionality Theorem","LO_M6.1.1","State and apply Basic Proportionality Theorem (Thales Theorem) and criteria for similarity (AAA, SAS, SSS).","REQ_MATH_2026_024 | REQ_MATH_2026_025 | REQ_MATH_2026_026","Maths_SecP1X_2026-27.pdf Page 4","mcq","3","1","FRESH_REASSESSMENT","","The areas of two similar triangles are in the ratio 16 : 81. The ratio of their corresponding sides is","8 : 27 | 2 : 3 | 4 : 9 | 16 : 81","4 : 9","Side ratio is the square root of the area ratio, so it is root 16 : root 81 = 4 : 9.","Exact option match. 1 mark for the correct option, 0 otherwise.","draft / unverified","none","NUMERIC_CHECK","","","","","",""
"C10-2627-MATH-REQ024-REASS-003","Mathematics","Geometry","Triangles","Similarity of Triangles and Basic Proportionality Theorem","LO_M6.1.1","State and apply Basic Proportionality Theorem (Thales Theorem) and criteria for similarity (AAA, SAS, SSS).","REQ_MATH_2026_024 | REQ_MATH_2026_025 | REQ_MATH_2026_026","Maths_SecP1X_2026-27.pdf Page 4","short_answer","3","3","FRESH_REASSESSMENT","","In triangle ABC, D is on AB with AD = 4 cm and DB = 6 cm, and E is on AC with AE = 6 cm and EC = 9 cm. Is DE parallel to BC? Justify.","","Yes, because AD/DB = AE/EC = 2/3.","Both ratios equal 2/3, so by the converse of the Basic Proportionality Theorem DE is parallel to BC.","Answer-key match with educator override. 3 marks maximum, partial credit at reviewer discretion.","draft / unverified","none","NUMERIC_CHECK","","","","","",""
"C10-2627-MATH-REQ024-REASS-004","Mathematics","Geometry","Triangles","Similarity of Triangles and Basic Proportionality Theorem","LO_M6.1.1","State and apply Basic Proportionality Theorem (Thales Theorem) and criteria for similarity (AAA, SAS, SSS).","REQ_MATH_2026_024 | REQ_MATH_2026_025 | REQ_MATH_2026_026","Maths_SecP1X_2026-27.pdf Page 4","case_study","4","4","FRESH_REASSESSMENT","","A surveyor places a small mirror flat on level ground 2 m from her feet and steps back until she sees the top of a water tower in the mirror. Her eyes are 1.6 m above the ground and the mirror is 10 m from the base of the tower. Light reflects so that the two right triangles formed are similar.  Find the height of the water tower.","","8 m","The triangles are similar, so h/10 = 1.6/2, giving h = 8 m.","Answer-key match with educator override. 4 marks maximum, partial credit at reviewer discretion.","draft / unverified","none","NUMERIC_CHECK STIMULUS_EMBEDDED","","","","","",""
"C10-2627-MATH-REQ024-REASS-005","Mathematics","Geometry","Triangles","Similarity of Triangles and Basic Proportionality Theorem","LO_M6.1.1","State and apply Basic Proportionality Theorem (Thales Theorem) and criteria for similarity (AAA, SAS, SSS).","REQ_MATH_2026_024 | REQ_MATH_2026_025 | REQ_MATH_2026_026","Maths_SecP1X_2026-27.pdf Page 4","assertion_reason","2","1","FRESH_REASSESSMENT","","Assertion (A): Any two isosceles triangles are similar. Reason (R): Similar figures must have all pairs of corresponding angles equal. Choose the correct option.","Both A and R are true and R is the correct explanation of A. | Both A and R are true but R is not the correct explanation of A. | A is true but R is false. | A is false but R is true.","A is false but R is true.","One isosceles triangle may have apex angle 40 degrees and another 100 degrees, so A is false, while R states the correct definition.","Exact option match. 1 mark for the correct option, 0 otherwise.","draft / unverified","none","none","","","","","",""
"C10-2627-MATH-REQ024-REASS-006","Mathematics","Geometry","Triangles","Similarity of Triangles and Basic Proportionality Theorem","LO_M6.1.1","State and apply Basic Proportionality Theorem (Thales Theorem) and criteria for similarity (AAA, SAS, SSS).","REQ_MATH_2026_024 | REQ_MATH_2026_025 | REQ_MATH_2026_026","Maths_SecP1X_2026-27.pdf Page 4","short_answer","3","3","FRESH_REASSESSMENT","","Triangle ABC is similar to triangle DEF and the ratio of their areas is 25 : 49. If BC = 10 cm, find EF.","","14 cm","The side ratio is root 25 : root 49 = 5 : 7, so EF = 10 x 7/5 = 14 cm.","Answer-key match with educator override. 3 marks maximum, partial credit at reviewer discretion.","draft / unverified","none","NUMERIC_CHECK","","","","","",""
"C10-2627-MATH-REQ024-REASS-007","Mathematics","Geometry","Triangles","Similarity of Triangles and Basic Proportionality Theorem","LO_M6.1.1","State and apply Basic Proportionality Theorem (Thales Theorem) and criteria for similarity (AAA, SAS, SSS).","REQ_MATH_2026_024 | REQ_MATH_2026_025 | REQ_MATH_2026_026","Maths_SecP1X_2026-27.pdf Page 4","true_false","2","1","FRESH_REASSESSMENT","","State whether the following is true or false, and justify in one line: Two triangles with equal areas are always congruent.","True | False","False","A triangle with base 4 and height 6 and another with base 12 and height 2 both have area 12 but are not congruent.","Exact option match. 1 mark for the correct option, 0 otherwise.","draft / unverified","none","none","","","","","",""
"C10-2627-MATH-REQ024-REASS-008","Mathematics","Geometry","Triangles","Similarity of Triangles and Basic Proportionality Theorem","LO_M6.1.1","State and apply Basic Proportionality Theorem (Thales Theorem) and criteria for similarity (AAA, SAS, SSS).","REQ_MATH_2026_024 | REQ_MATH_2026_025 | REQ_MATH_2026_026","Maths_SecP1X_2026-27.pdf Page 4","short_answer","4","3","FRESH_REASSESSMENT","","In a right triangle the legs measure 6 cm and 8 cm. Using similarity of the triangles formed by the altitude to the hypotenuse, find the length of that altitude.","","4.8 cm","The hypotenuse is 10 cm. Comparing areas, (1/2) x 6 x 8 = (1/2) x 10 x h, so h = 48/10 = 4.8 cm, and the similar sub-triangles justify the relation.","Answer-key match with educator override. 3 marks maximum, partial credit at reviewer discretion.","draft / unverified","none","NUMERIC_CHECK","","","","","",""
"C10-2627-MATH-REQ024-REASS-009","Mathematics","Geometry","Triangles","Similarity of Triangles and Basic Proportionality Theorem","LO_M6.1.1","State and apply Basic Proportionality Theorem (Thales Theorem) and criteria for similarity (AAA, SAS, SSS).","REQ_MATH_2026_024 | REQ_MATH_2026_025 | REQ_MATH_2026_026","Maths_SecP1X_2026-27.pdf Page 4","mcq","2","1","FRESH_REASSESSMENT","","In triangles ABC and DEF, AB/DE = BC/EF and angle B equals angle E. The triangles are similar by","the AA similarity criterion | the SSS similarity criterion | the RHS congruence criterion | the SAS similarity criterion","the SAS similarity criterion","Two pairs of sides are proportional and the included angles are equal, which is exactly SAS similarity.","Exact option match. 1 mark for the correct option, 0 otherwise.","draft / unverified","none","none","","","","","",""
"C10-2627-MATH-REQ024-REASS-010","Mathematics","Geometry","Triangles","Similarity of Triangles and Basic Proportionality Theorem","LO_M6.1.1","State and apply Basic Proportionality Theorem (Thales Theorem) and criteria for similarity (AAA, SAS, SSS).","REQ_MATH_2026_024 | REQ_MATH_2026_025 | REQ_MATH_2026_026","Maths_SecP1X_2026-27.pdf Page 4","data_interpretation","3","3","FRESH_REASSESSMENT","","Two triangles have the following measurements: | Triangle | Sides (cm) | | ABC | 4, 6, 8 | | PQR | 6, 9, 12 |  Are the triangles similar? If so, state the ratio of their areas.","","Yes, by SSS similarity; the ratio of areas is 4 : 9.","Each pair of corresponding sides is in the ratio 2 : 3, so the triangles are similar and the areas are in the ratio 2^2 : 3^2 = 4 : 9.","Answer-key match with educator override. 3 marks maximum, partial credit at reviewer discretion.","draft / unverified","none","NUMERIC_CHECK STIMULUS_EMBEDDED","","","","","",""
"C10-2627-MATH-REQ027-DIAG-001","Mathematics","Geometry","Circles","Tangents to a Circle","LO_M10.1.1","Prove and apply theorems regarding tangents to a circle from an external point.","REQ_MATH_2026_027 | REQ_MATH_2026_028","Maths_SecP1X_2026-27.pdf Page 4","short_answer","2","2","DIAGNOSTIC","","A tangent is drawn from a point P to a circle of radius 5 cm with centre O, touching it at T. If OP = 13 cm, find PT.","","12 cm","The radius is perpendicular to the tangent at T, so PT = root(13^2 - 5^2) = root 144 = 12 cm.","Answer-key match with educator override. 2 marks maximum, partial credit at reviewer discretion.","draft / unverified","none","NUMERIC_CHECK","","","","","",""
"C10-2627-MATH-REQ027-DIAG-002","Mathematics","Geometry","Circles","Tangents to a Circle","LO_M10.1.1","Prove and apply theorems regarding tangents to a circle from an external point.","REQ_MATH_2026_027 | REQ_MATH_2026_028","Maths_SecP1X_2026-27.pdf Page 4","mcq","1","1","DIAGNOSTIC","","How many tangents can be drawn to a circle from a point lying on the circle?","exactly two | infinitely many | exactly one | none","exactly one","At any point of a circle there is a unique line perpendicular to the radius at that point, and that line is the tangent.","Exact option match. 1 mark for the correct option, 0 otherwise.","draft / unverified","none","none","","","","","",""
"C10-2627-MATH-REQ027-DIAG-003","Mathematics","Geometry","Circles","Tangents to a Circle","LO_M10.1.1","Prove and apply theorems regarding tangents to a circle from an external point.","REQ_MATH_2026_027 | REQ_MATH_2026_028","Maths_SecP1X_2026-27.pdf Page 4","short_answer","1","2","DIAGNOSTIC","","From an external point P, two tangents PA and PB are drawn to a circle. If PB = 7 cm, write the length of PA and name the property used.","","PA = 7 cm; tangents from an external point are equal in length.","The two tangent segments from a common external point to a circle are congruent, which follows from the RHS congruence of the two right triangles formed with the radii.","Answer-key match with educator override. 2 marks maximum, partial credit at reviewer discretion.","draft / unverified","none","none","","","","","",""
"C10-2627-MATH-REQ027-DIAG-004","Mathematics","Geometry","Circles","Tangents to a Circle","LO_M10.1.1","Prove and apply theorems regarding tangents to a circle from an external point.","REQ_MATH_2026_027 | REQ_MATH_2026_028","Maths_SecP1X_2026-27.pdf Page 4","case_study","3","3","DIAGNOSTIC","","A circular skating rink of radius 9 m has its centre at O. A lamp post stands at a point P outside the rink with OP = 41 m, and a straight guard rail runs from P and just touches the rink at a point T.  Find the length of the guard rail PT.","","40 m","OT is perpendicular to the tangent PT, so PT = root(41^2 - 9^2) = root 1600 = 40 m.","Answer-key match with educator override. 3 marks maximum, partial credit at reviewer discretion.","draft / unverified","none","NUMERIC_CHECK STIMULUS_EMBEDDED","","","","","",""
"C10-2627-MATH-REQ027-DIAG-005","Mathematics","Geometry","Circles","Tangents to a Circle","LO_M10.1.1","Prove and apply theorems regarding tangents to a circle from an external point.","REQ_MATH_2026_027 | REQ_MATH_2026_028","Maths_SecP1X_2026-27.pdf Page 4","assertion_reason","2","1","DIAGNOSTIC","","Assertion (A): The radius drawn to the point of contact is perpendicular to the tangent. Reason (R): The shortest distance from the centre to a tangent line is along the perpendicular from the centre. Choose the correct option.","Both A and R are true and R is the correct explanation of A. | Both A and R are true but R is not the correct explanation of A. | A is true but R is false. | A is false but R is true.","Both A and R are true and R is the correct explanation of A.","Every point of the tangent except the point of contact lies outside the circle, so the point of contact is the nearest point and the radius to it is perpendicular.","Exact option match. 1 mark for the correct option, 0 otherwise.","draft / unverified","none","none","","","","","",""
"C10-2627-MATH-REQ027-DIAG-006","Mathematics","Geometry","Circles","Tangents to a Circle","LO_M10.1.1","Prove and apply theorems regarding tangents to a circle from an external point.","REQ_MATH_2026_027 | REQ_MATH_2026_028","Maths_SecP1X_2026-27.pdf Page 4","true_false","1","1","DIAGNOSTIC","","State whether the following is true or false, and justify in one line: A line that meets a circle at two distinct points is called a tangent.","True | False","False","Such a line is a secant. A tangent meets the circle at exactly one point.","Exact option match. 1 mark for the correct option, 0 otherwise.","draft / unverified","none","none","","","","","",""
"C10-2627-MATH-REQ027-DIAG-007","Mathematics","Geometry","Circles","Tangents to a Circle","LO_M10.1.1","Prove and apply theorems regarding tangents to a circle from an external point.","REQ_MATH_2026_027 | REQ_MATH_2026_028","Maths_SecP1X_2026-27.pdf Page 4","short_answer","4","3","DIAGNOSTIC","","Two tangents drawn from an external point P to a circle of radius 6 cm are inclined to each other at 60 degrees. Find the distance OP.","","12 cm","OP bisects the angle between the tangents, so in the right triangle sin 30 degrees = 6/OP, giving OP = 6 / 0.5 = 12 cm.","Answer-key match with educator override. 3 marks maximum, partial credit at reviewer discretion.","draft / unverified","none","NUMERIC_CHECK","","","","","",""
"C10-2627-MATH-REQ027-REASS-001","Mathematics","Geometry","Circles","Tangents to a Circle","LO_M10.1.1","Prove and apply theorems regarding tangents to a circle from an external point.","REQ_MATH_2026_027 | REQ_MATH_2026_028","Maths_SecP1X_2026-27.pdf Page 4","short_answer","2","2","FRESH_REASSESSMENT","","The radius of a circle with centre O is 7 cm and a point P lies 25 cm from O. Find the length of the tangent from P to the circle.","","24 cm","The tangent length is root(25^2 - 7^2) = root 576 = 24 cm.","Answer-key match with educator override. 2 marks maximum, partial credit at reviewer discretion.","draft / unverified","none","NUMERIC_CHECK","","","","","",""
"C10-2627-MATH-REQ027-REASS-002","Mathematics","Geometry","Circles","Tangents to a Circle","LO_M10.1.1","Prove and apply theorems regarding tangents to a circle from an external point.","REQ_MATH_2026_027 | REQ_MATH_2026_028","Maths_SecP1X_2026-27.pdf Page 4","mcq","2","1","FRESH_REASSESSMENT","","The tangents drawn at the two ends of a diameter of a circle are","intersecting at the centre | parallel to each other | perpendicular to each other | inclined at 60 degrees","parallel to each other","Both tangents are perpendicular to the same diameter, so they are parallel.","Exact option match. 1 mark for the correct option, 0 otherwise.","draft / unverified","none","none","","","","","",""
"C10-2627-MATH-REQ027-REASS-003","Mathematics","Geometry","Circles","Tangents to a Circle","LO_M10.1.1","Prove and apply theorems regarding tangents to a circle from an external point.","REQ_MATH_2026_027 | REQ_MATH_2026_028","Maths_SecP1X_2026-27.pdf Page 4","short_answer","3","3","FRESH_REASSESSMENT","","A quadrilateral ABCD circumscribes a circle. If AB = 6 cm, BC = 7 cm and CD = 4 cm, find DA.","","3 cm","For a circumscribing quadrilateral AB + CD = BC + DA, so 6 + 4 = 7 + DA and DA = 3 cm.","Answer-key match with educator override. 3 marks maximum, partial credit at reviewer discretion.","draft / unverified","none","NUMERIC_CHECK","","","","","",""
"C10-2627-MATH-REQ027-REASS-004","Mathematics","Geometry","Circles","Tangents to a Circle","LO_M10.1.1","Prove and apply theorems regarding tangents to a circle from an external point.","REQ_MATH_2026_027 | REQ_MATH_2026_028","Maths_SecP1X_2026-27.pdf Page 4","case_study","3","3","FRESH_REASSESSMENT","","A cable is stretched from a hook H on a wall to the rim of a circular drum of radius 8 cm so that the cable just touches the drum. The centre of the drum is 17 cm from the hook.  Find the length of the cable from the hook to the point where it touches the drum.","","15 cm","The cable is a tangent, so its length is root(17^2 - 8^2) = root 225 = 15 cm.","Answer-key match with educator override. 3 marks maximum, partial credit at reviewer discretion.","draft / unverified","none","NUMERIC_CHECK STIMULUS_EMBEDDED","","","","","",""
"C10-2627-MATH-REQ027-REASS-005","Mathematics","Geometry","Circles","Tangents to a Circle","LO_M10.1.1","Prove and apply theorems regarding tangents to a circle from an external point.","REQ_MATH_2026_027 | REQ_MATH_2026_028","Maths_SecP1X_2026-27.pdf Page 4","assertion_reason","2","1","FRESH_REASSESSMENT","","Assertion (A): Two tangents can be drawn to a circle from a point lying inside it. Reason (R): A tangent to a circle touches the circle at exactly one point. Choose the correct option.","Both A and R are true and R is the correct explanation of A. | Both A and R are true but R is not the correct explanation of A. | A is true but R is false. | A is false but R is true.","A is false but R is true.","No tangent can be drawn from an interior point, so A is false. R correctly defines a tangent.","Exact option match. 1 mark for the correct option, 0 otherwise.","draft / unverified","none","none","","","","","",""
"C10-2627-MATH-REQ027-REASS-006","Mathematics","Geometry","Circles","Tangents to a Circle","LO_M10.1.1","Prove and apply theorems regarding tangents to a circle from an external point.","REQ_MATH_2026_027 | REQ_MATH_2026_028","Maths_SecP1X_2026-27.pdf Page 4","short_answer","4","3","FRESH_REASSESSMENT","","The two tangents from an external point P to a circle of radius 5 cm are perpendicular to each other. Find OP.","","5 root 2 cm","OP bisects the right angle, so sin 45 degrees = 5/OP and OP = 5 / (1/root 2) = 5 root 2 cm, approximately 7.07 cm.","Answer-key match with educator override. 3 marks maximum, partial credit at reviewer discretion.","draft / unverified","none","NUMERIC_CHECK","","","","","",""
"C10-2627-MATH-REQ027-REASS-007","Mathematics","Geometry","Circles","Tangents to a Circle","LO_M10.1.1","Prove and apply theorems regarding tangents to a circle from an external point.","REQ_MATH_2026_027 | REQ_MATH_2026_028","Maths_SecP1X_2026-27.pdf Page 4","true_false","1","1","FRESH_REASSESSMENT","","State whether the following is true or false, and justify in one line: The lengths of the two tangent segments drawn from an external point to a circle are equal.","True | False","True","The two right triangles formed with the radii are congruent by RHS, so the tangent segments are equal.","Exact option match. 1 mark for the correct option, 0 otherwise.","draft / unverified","none","none","","","","","",""
"C10-2627-MATH-REQ027-REASS-008","Mathematics","Geometry","Circles","Tangents to a Circle","LO_M10.1.1","Prove and apply theorems regarding tangents to a circle from an external point.","REQ_MATH_2026_027 | REQ_MATH_2026_028","Maths_SecP1X_2026-27.pdf Page 4","short_answer","2","2","FRESH_REASSESSMENT","","PA is a tangent to a circle with centre O touching it at A. If OA = 8 cm and PA = 15 cm, find OP.","","17 cm","Angle OAP is a right angle, so OP = root(8^2 + 15^2) = root 289 = 17 cm.","Answer-key match with educator override. 2 marks maximum, partial credit at reviewer discretion.","draft / unverified","none","NUMERIC_CHECK","","","","","",""
"C10-2627-MATH-REQ027-REASS-009","Mathematics","Geometry","Circles","Tangents to a Circle","LO_M10.1.1","Prove and apply theorems regarding tangents to a circle from an external point.","REQ_MATH_2026_027 | REQ_MATH_2026_028","Maths_SecP1X_2026-27.pdf Page 4","mcq","3","1","FRESH_REASSESSMENT","","PA is a tangent to a circle with centre O at the point A. If angle AOP is 60 degrees, then angle OPA is","45 degrees | 90 degrees | 30 degrees | 60 degrees","30 degrees","Angle OAP is 90 degrees, so the remaining angle of the triangle is 180 - 90 - 60 = 30 degrees.","Exact option match. 1 mark for the correct option, 0 otherwise.","draft / unverified","none","NUMERIC_CHECK","","","","","",""
"C10-2627-MATH-REQ027-REASS-010","Mathematics","Geometry","Circles","Tangents to a Circle","LO_M10.1.1","Prove and apply theorems regarding tangents to a circle from an external point.","REQ_MATH_2026_027 | REQ_MATH_2026_028","Maths_SecP1X_2026-27.pdf Page 4","data_interpretation","3","3","FRESH_REASSESSMENT","","For a circle of centre O and radius r, tangents are drawn from external points: | Point | OP (cm) | r (cm) | | P1 | 10 | 6 | | P2 | 26 | 10 |  Which point has the longer tangent segment, and what is its length?","","P2, with a tangent length of 24 cm","Tangent lengths are root(100 - 36) = 8 cm and root(676 - 100) = 24 cm, so P2 gives the longer segment.","Answer-key match with educator override. 3 marks maximum, partial credit at reviewer discretion.","draft / unverified","none","NUMERIC_CHECK STIMULUS_EMBEDDED","","","","","",""
"C10-2627-MATH-REQ029-DIAG-001","Mathematics","Trigonometry","Introduction to Trigonometry","Trigonometric Ratios and Identities","LO_M8.1.1","Define trigonometric ratios for acute angles and evaluate expression using standard values and fundamental trigonometric identity sin^2 A + cos^2 A = 1.","REQ_MATH_2026_029 | REQ_MATH_2026_030 | REQ_MATH_2026_031","Maths_SecP1X_2026-27.pdf Page 4","short_answer","2","3","DIAGNOSTIC","","In a right triangle, sin A = 3/5. Find cos A and tan A.","","cos A = 4/5 and tan A = 3/4","Using sin^2 A + cos^2 A = 1, cos^2 A = 1 - 9/25 = 16/25, so cos A = 4/5 for an acute angle, and tan A = sin A / cos A = 3/4.","Answer-key match with educator override. 3 marks maximum, partial credit at reviewer discretion.","draft / unverified","none","NUMERIC_CHECK","","","","","",""
"C10-2627-MATH-REQ029-DIAG-002","Mathematics","Trigonometry","Introduction to Trigonometry","Trigonometric Ratios and Identities","LO_M8.1.1","Define trigonometric ratios for acute angles and evaluate expression using standard values and fundamental trigonometric identity sin^2 A + cos^2 A = 1.","REQ_MATH_2026_029 | REQ_MATH_2026_030 | REQ_MATH_2026_031","Maths_SecP1X_2026-27.pdf Page 4","mcq","1","1","DIAGNOSTIC","","The value of sin 30 degrees + cos 60 degrees is","0 | 1 | 1/2 | root 3 / 2","1","sin 30 degrees = 1/2 and cos 60 degrees = 1/2, so the sum is 1.","Exact option match. 1 mark for the correct option, 0 otherwise.","draft / unverified","none","NUMERIC_CHECK","","","","","",""
"C10-2627-MATH-REQ029-DIAG-003","Mathematics","Trigonometry","Introduction to Trigonometry","Trigonometric Ratios and Identities","LO_M8.1.1","Define trigonometric ratios for acute angles and evaluate expression using standard values and fundamental trigonometric identity sin^2 A + cos^2 A = 1.","REQ_MATH_2026_029 | REQ_MATH_2026_030 | REQ_MATH_2026_031","Maths_SecP1X_2026-27.pdf Page 4","short_answer","2","2","DIAGNOSTIC","","Evaluate sin^2 30 degrees + cos^2 30 degrees without using tables.","","1","For any angle A the identity sin^2 A + cos^2 A = 1 holds, so the value is 1; directly, 1/4 + 3/4 = 1.","Answer-key match with educator override. 2 marks maximum, partial credit at reviewer discretion.","draft / unverified","none","NUMERIC_CHECK","","","","","",""
"C10-2627-MATH-REQ029-DIAG-004","Mathematics","Trigonometry","Introduction to Trigonometry","Trigonometric Ratios and Identities","LO_M8.1.1","Define trigonometric ratios for acute angles and evaluate expression using standard values and fundamental trigonometric identity sin^2 A + cos^2 A = 1.","REQ_MATH_2026_029 | REQ_MATH_2026_030 | REQ_MATH_2026_031","Maths_SecP1X_2026-27.pdf Page 4","short_answer","2","1","DIAGNOSTIC","","If tan A = 1 and A is acute, find the measure of A.","","45 degrees","tan 45 degrees = 1 and the tangent is strictly increasing on acute angles, so A = 45 degrees.","Answer-key match with educator override. 1 marks maximum, partial credit at reviewer discretion.","draft / unverified","none","NUMERIC_CHECK RUBRIC_MARKS","","","","","",""
"C10-2627-MATH-REQ029-DIAG-005","Mathematics","Trigonometry","Introduction to Trigonometry","Trigonometric Ratios and Identities","LO_M8.1.1","Define trigonometric ratios for acute angles and evaluate expression using standard values and fundamental trigonometric identity sin^2 A + cos^2 A = 1.","REQ_MATH_2026_029 | REQ_MATH_2026_030 | REQ_MATH_2026_031","Maths_SecP1X_2026-27.pdf Page 4","short_answer","3","2","DIAGNOSTIC","","If tan A = root 3, find sec A for an acute angle A.","","2","Using sec^2 A = 1 + tan^2 A = 1 + 3 = 4, and sec A is positive for an acute angle, so sec A = 2.","Answer-key match with educator override. 2 marks maximum, partial credit at reviewer discretion.","draft / unverified","none","NUMERIC_CHECK","","","","","",""
"C10-2627-MATH-REQ029-DIAG-006","Mathematics","Trigonometry","Introduction to Trigonometry","Trigonometric Ratios and Identities","LO_M8.1.1","Define trigonometric ratios for acute angles and evaluate expression using standard values and fundamental trigonometric identity sin^2 A + cos^2 A = 1.","REQ_MATH_2026_029 | REQ_MATH_2026_030 | REQ_MATH_2026_031","Maths_SecP1X_2026-27.pdf Page 4","assertion_reason","2","1","DIAGNOSTIC","","Assertion (A): sin^2 A + cos^2 A = 1 holds for every acute angle A. Reason (R): The identity follows from the Pythagoras theorem applied to a right triangle containing the angle A. Choose the correct option.","Both A and R are true and R is the correct explanation of A. | Both A and R are true but R is not the correct explanation of A. | A is true but R is false. | A is false but R is true.","Both A and R are true and R is the correct explanation of A.","Dividing the relation base^2 + perpendicular^2 = hypotenuse^2 by the square of the hypotenuse gives exactly the identity.","Exact option match. 1 mark for the correct option, 0 otherwise.","draft / unverified","none","none","","","","","",""
"C10-2627-MATH-REQ029-DIAG-007","Mathematics","Trigonometry","Introduction to Trigonometry","Trigonometric Ratios and Identities","LO_M8.1.1","Define trigonometric ratios for acute angles and evaluate expression using standard values and fundamental trigonometric identity sin^2 A + cos^2 A = 1.","REQ_MATH_2026_029 | REQ_MATH_2026_030 | REQ_MATH_2026_031","Maths_SecP1X_2026-27.pdf Page 4","true_false","1","1","DIAGNOSTIC","","State whether the following is true or false, and justify in one line: The value of sin A can be greater than 1 for an acute angle A.","True | False","False","sin A is the ratio of the perpendicular to the hypotenuse, and the hypotenuse is the longest side, so sin A is at most 1.","Exact option match. 1 mark for the correct option, 0 otherwise.","draft / unverified","none","none","","","","","",""
"C10-2627-MATH-REQ029-REASS-001","Mathematics","Trigonometry","Introduction to Trigonometry","Trigonometric Ratios and Identities","LO_M8.1.1","Define trigonometric ratios for acute angles and evaluate expression using standard values and fundamental trigonometric identity sin^2 A + cos^2 A = 1.","REQ_MATH_2026_029 | REQ_MATH_2026_030 | REQ_MATH_2026_031","Maths_SecP1X_2026-27.pdf Page 4","short_answer","2","3","FRESH_REASSESSMENT","","In a right triangle, cos A = 12/13. Find sin A and tan A.","","sin A = 5/13 and tan A = 5/12","sin^2 A = 1 - 144/169 = 25/169, so sin A = 5/13 and tan A = (5/13) / (12/13) = 5/12.","Answer-key match with educator override. 3 marks maximum, partial credit at reviewer discretion.","draft / unverified","none","NUMERIC_CHECK","","","","","",""
"C10-2627-MATH-REQ029-REASS-002","Mathematics","Trigonometry","Introduction to Trigonometry","Trigonometric Ratios and Identities","LO_M8.1.1","Define trigonometric ratios for acute angles and evaluate expression using standard values and fundamental trigonometric identity sin^2 A + cos^2 A = 1.","REQ_MATH_2026_029 | REQ_MATH_2026_030 | REQ_MATH_2026_031","Maths_SecP1X_2026-27.pdf Page 4","mcq","1","1","FRESH_REASSESSMENT","","The value of tan 45 degrees + cot 45 degrees is","0 | root 2 | 2 | 1","2","Both tan 45 degrees and cot 45 degrees equal 1, so the sum is 2.","Exact option match. 1 mark for the correct option, 0 otherwise.","draft / unverified","none","NUMERIC_CHECK","","","","","",""
"C10-2627-MATH-REQ029-REASS-003","Mathematics","Trigonometry","Introduction to Trigonometry","Trigonometric Ratios and Identities","LO_M8.1.1","Define trigonometric ratios for acute angles and evaluate expression using standard values and fundamental trigonometric identity sin^2 A + cos^2 A = 1.","REQ_MATH_2026_029 | REQ_MATH_2026_030 | REQ_MATH_2026_031","Maths_SecP1X_2026-27.pdf Page 4","short_answer","2","2","FRESH_REASSESSMENT","","Evaluate 2 x sin 30 degrees x cos 60 degrees.","","0.5","sin 30 degrees = 1/2 and cos 60 degrees = 1/2, so the product is 2 x 1/4 = 1/2.","Answer-key match with educator override. 2 marks maximum, partial credit at reviewer discretion.","draft / unverified","none","NUMERIC_CHECK","","","","","",""
"C10-2627-MATH-REQ029-REASS-004","Mathematics","Trigonometry","Introduction to Trigonometry","Trigonometric Ratios and Identities","LO_M8.1.1","Define trigonometric ratios for acute angles and evaluate expression using standard values and fundamental trigonometric identity sin^2 A + cos^2 A = 1.","REQ_MATH_2026_029 | REQ_MATH_2026_030 | REQ_MATH_2026_031","Maths_SecP1X_2026-27.pdf Page 4","short_answer","2","1","FRESH_REASSESSMENT","","If sin A = 1/2 and A is acute, find A.","","30 degrees","sin 30 degrees = 1/2 and the sine is strictly increasing on acute angles, so A = 30 degrees.","Answer-key match with educator override. 1 marks maximum, partial credit at reviewer discretion.","draft / unverified","none","NUMERIC_CHECK RUBRIC_MARKS","","","","","",""
"C10-2627-MATH-REQ029-REASS-005","Mathematics","Trigonometry","Introduction to Trigonometry","Trigonometric Ratios and Identities","LO_M8.1.1","Define trigonometric ratios for acute angles and evaluate expression using standard values and fundamental trigonometric identity sin^2 A + cos^2 A = 1.","REQ_MATH_2026_029 | REQ_MATH_2026_030 | REQ_MATH_2026_031","Maths_SecP1X_2026-27.pdf Page 4","short_answer","3","2","FRESH_REASSESSMENT","","If cosec A = 2, find cot A for an acute angle A.","","root 3","cot^2 A = cosec^2 A - 1 = 4 - 1 = 3, so cot A = root 3, approximately 1.732.","Answer-key match with educator override. 2 marks maximum, partial credit at reviewer discretion.","draft / unverified","none","NUMERIC_CHECK","","","","","",""
"C10-2627-MATH-REQ029-REASS-006","Mathematics","Trigonometry","Introduction to Trigonometry","Trigonometric Ratios and Identities","LO_M8.1.1","Define trigonometric ratios for acute angles and evaluate expression using standard values and fundamental trigonometric identity sin^2 A + cos^2 A = 1.","REQ_MATH_2026_029 | REQ_MATH_2026_030 | REQ_MATH_2026_031","Maths_SecP1X_2026-27.pdf Page 4","mcq","2","1","FRESH_REASSESSMENT","","The value of sin^2 60 degrees + cos^2 60 degrees is","3/4 | 1/4 | root 3 / 2 | 1","1","By the fundamental identity the sum is 1; directly, 3/4 + 1/4 = 1.","Exact option match. 1 mark for the correct option, 0 otherwise.","draft / unverified","none","NUMERIC_CHECK","","","","","",""
"C10-2627-MATH-REQ029-REASS-007","Mathematics","Trigonometry","Introduction to Trigonometry","Trigonometric Ratios and Identities","LO_M8.1.1","Define trigonometric ratios for acute angles and evaluate expression using standard values and fundamental trigonometric identity sin^2 A + cos^2 A = 1.","REQ_MATH_2026_029 | REQ_MATH_2026_030 | REQ_MATH_2026_031","Maths_SecP1X_2026-27.pdf Page 4","data_interpretation","2","2","FRESH_REASSESSMENT","","Standard values are listed below: | Angle | sin | cos | | 30 | 1/2 | root 3 / 2 | | 45 | 1/root 2 | 1/root 2 | | 60 | root 3 / 2 | 1/2 |  For which of the listed angles are the sine and cosine equal?","","45 degrees","Only at 45 degrees do both ratios equal 1/root 2, which also means tan 45 degrees = 1.","Answer-key match with educator override. 2 marks maximum, partial credit at reviewer discretion.","draft / unverified","none","NUMERIC_CHECK STIMULUS_EMBEDDED","","","","","",""
"C10-2627-MATH-REQ029-REASS-008","Mathematics","Trigonometry","Introduction to Trigonometry","Trigonometric Ratios and Identities","LO_M8.1.1","Define trigonometric ratios for acute angles and evaluate expression using standard values and fundamental trigonometric identity sin^2 A + cos^2 A = 1.","REQ_MATH_2026_029 | REQ_MATH_2026_030 | REQ_MATH_2026_031","Maths_SecP1X_2026-27.pdf Page 4","assertion_reason","2","1","FRESH_REASSESSMENT","","Assertion (A): tan A is always less than 1 for an acute angle A. Reason (R): tan A equals the ratio of the perpendicular to the base of a right triangle. Choose the correct option.","Both A and R are true and R is the correct explanation of A. | Both A and R are true but R is not the correct explanation of A. | A is true but R is false. | A is false but R is true.","A is false but R is true.","tan 60 degrees = root 3 which exceeds 1, so A is false, while R is the correct definition.","Exact option match. 1 mark for the correct option, 0 otherwise.","draft / unverified","none","none","","","","","",""
"C10-2627-MATH-REQ029-REASS-009","Mathematics","Trigonometry","Introduction to Trigonometry","Trigonometric Ratios and Identities","LO_M8.1.1","Define trigonometric ratios for acute angles and evaluate expression using standard values and fundamental trigonometric identity sin^2 A + cos^2 A = 1.","REQ_MATH_2026_029 | REQ_MATH_2026_030 | REQ_MATH_2026_031","Maths_SecP1X_2026-27.pdf Page 4","true_false","1","1","FRESH_REASSESSMENT","","State whether the following is true or false, and justify in one line: cos A decreases as the acute angle A increases from 0 degrees to 90 degrees.","True | False","True","cos 0 = 1 falls steadily to cos 90 degrees = 0, so the cosine decreases over that range.","Exact option match. 1 mark for the correct option, 0 otherwise.","draft / unverified","none","none","","","","","",""
"C10-2627-MATH-REQ029-REASS-010","Mathematics","Trigonometry","Introduction to Trigonometry","Trigonometric Ratios and Identities","LO_M8.1.1","Define trigonometric ratios for acute angles and evaluate expression using standard values and fundamental trigonometric identity sin^2 A + cos^2 A = 1.","REQ_MATH_2026_029 | REQ_MATH_2026_030 | REQ_MATH_2026_031","Maths_SecP1X_2026-27.pdf Page 4","short_answer","3","3","FRESH_REASSESSMENT","","Evaluate (1 - cos^2 A) / cos^2 A at A = 45 degrees, and state the identity this expression represents.","","1; the expression equals tan^2 A","1 - cos^2 A = sin^2 A, so the expression is tan^2 A. At 45 degrees tan A = 1, so the value is 1.","Answer-key match with educator override. 3 marks maximum, partial credit at reviewer discretion.","draft / unverified","none","NUMERIC_CHECK","","","","","",""
"C10-2627-MATH-REQ032-DIAG-001","Mathematics","Trigonometry","Some Applications of Trigonometry","Heights and Distances","LO_M9.1.1","Solve real-world problems involving angles of elevation and depression using trigonometric ratios.","REQ_MATH_2026_032 | REQ_MATH_2026_033","Maths_SecP1X_2026-27.pdf Page 5","short_answer","2","3","DIAGNOSTIC","","The angle of elevation of the top of a tower from a point 20 m from its foot on level ground is 60 degrees. Find the height of the tower.","","20 root 3 m, about 34.64 m","tan 60 degrees = h / 20, so h = 20 root 3 metres, approximately 34.64 m.","Answer-key match with educator override. 3 marks maximum, partial credit at reviewer discretion.","draft / unverified","none","NUMERIC_CHECK","","","","","",""
"C10-2627-MATH-REQ032-DIAG-002","Mathematics","Trigonometry","Some Applications of Trigonometry","Heights and Distances","LO_M9.1.1","Solve real-world problems involving angles of elevation and depression using trigonometric ratios.","REQ_MATH_2026_032 | REQ_MATH_2026_033","Maths_SecP1X_2026-27.pdf Page 5","mcq","2","1","DIAGNOSTIC","","The shadow of a vertical pole on level ground is exactly as long as the pole. The angle of elevation of the sun is","90 degrees | 45 degrees | 30 degrees | 60 degrees","45 degrees","tan of the elevation equals height divided by shadow, which is 1, so the elevation is 45 degrees.","Exact option match. 1 mark for the correct option, 0 otherwise.","draft / unverified","none","NUMERIC_CHECK","","","","","",""
"C10-2627-MATH-REQ032-DIAG-003","Mathematics","Trigonometry","Some Applications of Trigonometry","Heights and Distances","LO_M9.1.1","Solve real-world problems involving angles of elevation and depression using trigonometric ratios.","REQ_MATH_2026_032 | REQ_MATH_2026_033","Maths_SecP1X_2026-27.pdf Page 5","short_answer","3","3","DIAGNOSTIC","","A kite is flying with a taut string 100 m long making an angle of 60 degrees with the horizontal ground. Find the height of the kite above the ground.","","50 root 3 m, about 86.6 m","The height is 100 x sin 60 degrees = 100 x root 3 / 2 = 50 root 3 m, approximately 86.6 m.","Answer-key match with educator override. 3 marks maximum, partial credit at reviewer discretion.","draft / unverified","none","NUMERIC_CHECK","","","","","",""
"C10-2627-MATH-REQ032-DIAG-004","Mathematics","Trigonometry","Some Applications of Trigonometry","Heights and Distances","LO_M9.1.1","Solve real-world problems involving angles of elevation and depression using trigonometric ratios.","REQ_MATH_2026_032 | REQ_MATH_2026_033","Maths_SecP1X_2026-27.pdf Page 5","case_study","3","3","DIAGNOSTIC","","A coastguard stands at the top of a vertical cliff 50 m above sea level and observes a small boat. The angle of depression of the boat from the coastguard is 45 degrees.  Find the horizontal distance of the boat from the foot of the cliff.","","50 m","The angle of depression equals the angle of elevation from the boat, so tan 45 degrees = 50 / d, giving d = 50 m.","Answer-key match with educator override. 3 marks maximum, partial credit at reviewer discretion.","draft / unverified","none","NUMERIC_CHECK STIMULUS_EMBEDDED","","","","","",""
"C10-2627-MATH-REQ032-DIAG-005","Mathematics","Trigonometry","Some Applications of Trigonometry","Heights and Distances","LO_M9.1.1","Solve real-world problems involving angles of elevation and depression using trigonometric ratios.","REQ_MATH_2026_032 | REQ_MATH_2026_033","Maths_SecP1X_2026-27.pdf Page 5","short_answer","2","3","DIAGNOSTIC","","A vertical pole is 10 m tall and the angle of elevation of its top from a point on the ground is 30 degrees. Find the distance of the point from the foot of the pole.","","10 root 3 m, about 17.32 m","tan 30 degrees = 10 / d gives d = 10 root 3 m, approximately 17.32 m.","Answer-key match with educator override. 3 marks maximum, partial credit at reviewer discretion.","draft / unverified","none","NUMERIC_CHECK","","","","","",""
"C10-2627-MATH-REQ032-DIAG-006","Mathematics","Trigonometry","Some Applications of Trigonometry","Heights and Distances","LO_M9.1.1","Solve real-world problems involving angles of elevation and depression using trigonometric ratios.","REQ_MATH_2026_032 | REQ_MATH_2026_033","Maths_SecP1X_2026-27.pdf Page 5","assertion_reason","2","1","DIAGNOSTIC","","Assertion (A): As an observer walks towards the foot of a tower, the angle of elevation of its top increases. Reason (R): For a fixed height, tan of the angle of elevation is inversely proportional to the horizontal distance. Choose the correct option.","Both A and R are true and R is the correct explanation of A. | Both A and R are true but R is not the correct explanation of A. | A is true but R is false. | A is false but R is true.","Both A and R are true and R is the correct explanation of A.","Reducing the distance increases h/d, and since the tangent increases with the acute angle, the elevation increases.","Exact option match. 1 mark for the correct option, 0 otherwise.","draft / unverified","none","none","","","","","",""
"C10-2627-MATH-REQ032-DIAG-007","Mathematics","Trigonometry","Some Applications of Trigonometry","Heights and Distances","LO_M9.1.1","Solve real-world problems involving angles of elevation and depression using trigonometric ratios.","REQ_MATH_2026_032 | REQ_MATH_2026_033","Maths_SecP1X_2026-27.pdf Page 5","true_false","1","1","DIAGNOSTIC","","State whether the following is true or false, and justify in one line: An angle of depression is measured from the horizontal line through the observer's eye.","True | False","True","By definition the angle of depression is the angle between the horizontal through the observer and the line of sight to an object below.","Exact option match. 1 mark for the correct option, 0 otherwise.","draft / unverified","none","none","","","","","",""
"C10-2627-MATH-REQ032-REASS-001","Mathematics","Trigonometry","Some Applications of Trigonometry","Heights and Distances","LO_M9.1.1","Solve real-world problems involving angles of elevation and depression using trigonometric ratios.","REQ_MATH_2026_032 | REQ_MATH_2026_033","Maths_SecP1X_2026-27.pdf Page 5","short_answer","2","2","FRESH_REASSESSMENT","","From a point 25 m away from the foot of a tower on level ground, the angle of elevation of the top is 45 degrees. Find the height of the tower.","","25 m","tan 45 degrees = h / 25 and tan 45 degrees = 1, so h = 25 m.","Answer-key match with educator override. 2 marks maximum, partial credit at reviewer discretion.","draft / unverified","none","NUMERIC_CHECK","","","","","",""
"C10-2627-MATH-REQ032-REASS-002","Mathematics","Trigonometry","Some Applications of Trigonometry","Heights and Distances","LO_M9.1.1","Solve real-world problems involving angles of elevation and depression using trigonometric ratios.","REQ_MATH_2026_032 | REQ_MATH_2026_033","Maths_SecP1X_2026-27.pdf Page 5","mcq","2","1","FRESH_REASSESSMENT","","The shadow of a tower is root 3 times its height. The angle of elevation of the sun is","60 degrees | 15 degrees | 30 degrees | 45 degrees","30 degrees","tan of the elevation is h / (root 3 h) = 1/root 3, which corresponds to 30 degrees.","Exact option match. 1 mark for the correct option, 0 otherwise.","draft / unverified","none","NUMERIC_CHECK","","","","","",""
"C10-2627-MATH-REQ032-REASS-003","Mathematics","Trigonometry","Some Applications of Trigonometry","Heights and Distances","LO_M9.1.1","Solve real-world problems involving angles of elevation and depression using trigonometric ratios.","REQ_MATH_2026_032 | REQ_MATH_2026_033","Maths_SecP1X_2026-27.pdf Page 5","short_answer","3","3","FRESH_REASSESSMENT","","A ladder 13 m long rests against a vertical wall making an angle of 60 degrees with the ground. How high up the wall does the ladder reach?","","6.5 root 3 m, about 11.26 m","The height reached is 13 x sin 60 degrees = 13 root 3 / 2 m, approximately 11.26 m.","Answer-key match with educator override. 3 marks maximum, partial credit at reviewer discretion.","draft / unverified","none","NUMERIC_CHECK","","","","","",""
"C10-2627-MATH-REQ032-REASS-004","Mathematics","Trigonometry","Some Applications of Trigonometry","Heights and Distances","LO_M9.1.1","Solve real-world problems involving angles of elevation and depression using trigonometric ratios.","REQ_MATH_2026_032 | REQ_MATH_2026_033","Maths_SecP1X_2026-27.pdf Page 5","case_study","4","4","FRESH_REASSESSMENT","","An aircraft flying at a steady altitude of 1500 m spots a runway marker ahead. The angle of depression of the marker from the aircraft is 30 degrees.  Find the horizontal distance between the aircraft and the marker.","","1500 root 3 m, about 2598.08 m","tan 30 degrees = 1500 / d, so d = 1500 root 3 m, approximately 2598.08 m.","Answer-key match with educator override. 4 marks maximum, partial credit at reviewer discretion.","draft / unverified","none","NUMERIC_CHECK STIMULUS_EMBEDDED","","","","","",""
"C10-2627-MATH-REQ032-REASS-005","Mathematics","Trigonometry","Some Applications of Trigonometry","Heights and Distances","LO_M9.1.1","Solve real-world problems involving angles of elevation and depression using trigonometric ratios.","REQ_MATH_2026_032 | REQ_MATH_2026_033","Maths_SecP1X_2026-27.pdf Page 5","short_answer","2","2","FRESH_REASSESSMENT","","A rope 20 m long is tied from the top of a vertical post to a peg on the ground and makes an angle of 30 degrees with the ground. Find the height of the post.","","10 m","The height is 20 x sin 30 degrees = 20 x 1/2 = 10 m.","Answer-key match with educator override. 2 marks maximum, partial credit at reviewer discretion.","draft / unverified","none","NUMERIC_CHECK","","","","","",""
"C10-2627-MATH-REQ032-REASS-006","Mathematics","Trigonometry","Some Applications of Trigonometry","Heights and Distances","LO_M9.1.1","Solve real-world problems involving angles of elevation and depression using trigonometric ratios.","REQ_MATH_2026_032 | REQ_MATH_2026_033","Maths_SecP1X_2026-27.pdf Page 5","data_interpretation","3","4","FRESH_REASSESSMENT","","Two towers are observed from points on level ground: | Tower | Distance of observer from foot | Angle of elevation | | T1 | 30 m | 45 degrees | | T2 | 30 m | 30 degrees |  Which tower is taller, and by approximately how much?","","T1 is taller by about 12.68 m","T1 has height 30 m and T2 has height 30 / root 3, which is about 17.32 m, so the difference is about 12.68 m.","Answer-key match with educator override. 4 marks maximum, partial credit at reviewer discretion.","draft / unverified","none","NUMERIC_CHECK STIMULUS_EMBEDDED","","","","","",""
"C10-2627-MATH-REQ032-REASS-007","Mathematics","Trigonometry","Some Applications of Trigonometry","Heights and Distances","LO_M9.1.1","Solve real-world problems involving angles of elevation and depression using trigonometric ratios.","REQ_MATH_2026_032 | REQ_MATH_2026_033","Maths_SecP1X_2026-27.pdf Page 5","assertion_reason","2","1","FRESH_REASSESSMENT","","Assertion (A): The angle of elevation of an object from an observer equals the angle of depression of the observer from that object. Reason (R): The two angles are alternate angles between parallel horizontal lines cut by the line of sight. Choose the correct option.","Both A and R are true and R is the correct explanation of A. | Both A and R are true but R is not the correct explanation of A. | A is true but R is false. | A is false but R is true.","Both A and R are true and R is the correct explanation of A.","The horizontal lines at the observer and at the object are parallel, so the alternate angles formed by the line of sight are equal.","Exact option match. 1 mark for the correct option, 0 otherwise.","draft / unverified","none","none","","","","","",""
"C10-2627-MATH-REQ032-REASS-008","Mathematics","Trigonometry","Some Applications of Trigonometry","Heights and Distances","LO_M9.1.1","Solve real-world problems involving angles of elevation and depression using trigonometric ratios.","REQ_MATH_2026_032 | REQ_MATH_2026_033","Maths_SecP1X_2026-27.pdf Page 5","true_false","1","1","FRESH_REASSESSMENT","","State whether the following is true or false, and justify in one line: If an observer moves away from the foot of a tower, the angle of elevation of its top increases.","True | False","False","The ratio height divided by distance decreases as the distance grows, so the angle of elevation decreases.","Exact option match. 1 mark for the correct option, 0 otherwise.","draft / unverified","none","none","","","","","",""
"C10-2627-MATH-REQ032-REASS-009","Mathematics","Trigonometry","Some Applications of Trigonometry","Heights and Distances","LO_M9.1.1","Solve real-world problems involving angles of elevation and depression using trigonometric ratios.","REQ_MATH_2026_032 | REQ_MATH_2026_033","Maths_SecP1X_2026-27.pdf Page 5","short_answer","3","3","FRESH_REASSESSMENT","","From the top of a building 60 m high, the angle of depression of a parked car on level ground is 30 degrees. Find the distance of the car from the foot of the building.","","60 root 3 m, about 103.92 m","tan 30 degrees = 60 / d, so d = 60 root 3 m, approximately 103.92 m.","Answer-key match with educator override. 3 marks maximum, partial credit at reviewer discretion.","draft / unverified","none","NUMERIC_CHECK","","","","","",""
"C10-2627-MATH-REQ032-REASS-010","Mathematics","Trigonometry","Some Applications of Trigonometry","Heights and Distances","LO_M9.1.1","Solve real-world problems involving angles of elevation and depression using trigonometric ratios.","REQ_MATH_2026_032 | REQ_MATH_2026_033","Maths_SecP1X_2026-27.pdf Page 5","mcq","2","1","FRESH_REASSESSMENT","","A vertical pole and its shadow have equal lengths at a certain time. At that moment the angle of elevation of the sun is","30 degrees | 60 degrees | 0 degrees | 45 degrees","45 degrees","The tangent of the elevation is 1, so the sun is at 45 degrees above the horizon.","Exact option match. 1 mark for the correct option, 0 otherwise.","draft / unverified","none","NUMERIC_CHECK","","","","","",""
"C10-2627-MATH-REQ034-DIAG-001","Mathematics","Mensuration","Areas Related to Circles","Areas of Sector and Segment of a Circle","LO_M11.1.1","Calculate arc lengths, areas of sectors, and areas of segments of circles.","REQ_MATH_2026_034 | REQ_MATH_2026_035","Maths_SecP1X_2026-27.pdf Page 5","short_answer","2","2","DIAGNOSTIC","","Find the area of a sector of a circle of radius 6 cm with central angle 60 degrees. Take pi as 3.14.","","18.84 cm^2","The sector area is (60/360) x pi x 6^2 = (1/6) x 3.14 x 36 = 18.84 cm^2.","Answer-key match with educator override. 2 marks maximum, partial credit at reviewer discretion.","draft / unverified","none","NUMERIC_CHECK","","","","","",""
"C10-2627-MATH-REQ034-DIAG-002","Mathematics","Mensuration","Areas Related to Circles","Areas of Sector and Segment of a Circle","LO_M11.1.1","Calculate arc lengths, areas of sectors, and areas of segments of circles.","REQ_MATH_2026_034 | REQ_MATH_2026_035","Maths_SecP1X_2026-27.pdf Page 5","short_answer","2","2","DIAGNOSTIC","","Find the length of the arc of a sector of radius 21 cm subtending 60 degrees at the centre. Take pi as 22/7.","","22 cm","The arc length is (60/360) x 2 x 22/7 x 21 = 22 cm.","Answer-key match with educator override. 2 marks maximum, partial credit at reviewer discretion.","draft / unverified","none","NUMERIC_CHECK","","","","","",""
"C10-2627-MATH-REQ034-DIAG-003","Mathematics","Mensuration","Areas Related to Circles","Areas of Sector and Segment of a Circle","LO_M11.1.1","Calculate arc lengths, areas of sectors, and areas of segments of circles.","REQ_MATH_2026_034 | REQ_MATH_2026_035","Maths_SecP1X_2026-27.pdf Page 5","mcq","2","1","DIAGNOSTIC","","The area of a quadrant of a circle of radius 14 cm, taking pi as 22/7, is","616 cm^2 | 154 cm^2 | 308 cm^2 | 77 cm^2","154 cm^2","A quadrant is one fourth of the circle, so the area is (1/4) x 22/7 x 196 = 154 cm^2.","Exact option match. 1 mark for the correct option, 0 otherwise.","draft / unverified","none","NUMERIC_CHECK","","","","","",""
"C10-2627-MATH-REQ034-DIAG-004","Mathematics","Mensuration","Areas Related to Circles","Areas of Sector and Segment of a Circle","LO_M11.1.1","Calculate arc lengths, areas of sectors, and areas of segments of circles.","REQ_MATH_2026_034 | REQ_MATH_2026_035","Maths_SecP1X_2026-27.pdf Page 5","case_study","3","3","DIAGNOSTIC","","The bob of a pendulum hangs on a rod 21 cm long and swings through an angle of 30 degrees, sweeping out a sector of a circle. Take pi as 22/7.  Find the area swept by the pendulum rod in one swing.","","115.5 cm^2","The swept area is (30/360) x 22/7 x 21^2 = 115.5 cm^2.","Answer-key match with educator override. 3 marks maximum, partial credit at reviewer discretion.","draft / unverified","none","NUMERIC_CHECK STIMULUS_EMBEDDED","","","","","",""
"C10-2627-MATH-REQ034-DIAG-005","Mathematics","Mensuration","Areas Related to Circles","Areas of Sector and Segment of a Circle","LO_M11.1.1","Calculate arc lengths, areas of sectors, and areas of segments of circles.","REQ_MATH_2026_034 | REQ_MATH_2026_035","Maths_SecP1X_2026-27.pdf Page 5","short_answer","4","4","DIAGNOSTIC","","A chord subtends a right angle at the centre of a circle of radius 10 cm. Find the area of the corresponding minor segment. Take pi as 3.14.","","28.5 cm^2","The quadrant area is 78.5 cm^2 and the right triangle formed by the two radii has area (1/2) x 10 x 10 = 50 cm^2, so the segment area is 28.5 cm^2.","Answer-key match with educator override. 4 marks maximum, partial credit at reviewer discretion.","draft / unverified","none","NUMERIC_CHECK","","","","","",""
"C10-2627-MATH-REQ034-DIAG-006","Mathematics","Mensuration","Areas Related to Circles","Areas of Sector and Segment of a Circle","LO_M11.1.1","Calculate arc lengths, areas of sectors, and areas of segments of circles.","REQ_MATH_2026_034 | REQ_MATH_2026_035","Maths_SecP1X_2026-27.pdf Page 5","assertion_reason","2","1","DIAGNOSTIC","","Assertion (A): Doubling the central angle of a sector doubles its area, provided the radius is unchanged. Reason (R): The area of a sector is directly proportional to its central angle for a fixed radius. Choose the correct option.","Both A and R are true and R is the correct explanation of A. | Both A and R are true but R is not the correct explanation of A. | A is true but R is false. | A is false but R is true.","Both A and R are true and R is the correct explanation of A.","The sector area formula (theta/360) x pi r^2 is linear in theta, so doubling theta doubles the area.","Exact option match. 1 mark for the correct option, 0 otherwise.","draft / unverified","none","none","","","","","",""
"C10-2627-MATH-REQ034-DIAG-007","Mathematics","Mensuration","Areas Related to Circles","Areas of Sector and Segment of a Circle","LO_M11.1.1","Calculate arc lengths, areas of sectors, and areas of segments of circles.","REQ_MATH_2026_034 | REQ_MATH_2026_035","Maths_SecP1X_2026-27.pdf Page 5","true_false","2","1","DIAGNOSTIC","","State whether the following is true or false, and justify in one line: The perimeter of a sector equals its arc length only.","True | False","False","The perimeter of a sector is the arc length plus the two bounding radii.","Exact option match. 1 mark for the correct option, 0 otherwise.","draft / unverified","none","none","","","","","",""
"C10-2627-MATH-REQ034-REASS-001","Mathematics","Mensuration","Areas Related to Circles","Areas of Sector and Segment of a Circle","LO_M11.1.1","Calculate arc lengths, areas of sectors, and areas of segments of circles.","REQ_MATH_2026_034 | REQ_MATH_2026_035","Maths_SecP1X_2026-27.pdf Page 5","short_answer","2","2","FRESH_REASSESSMENT","","Find the area of a sector of radius 7 cm with central angle 90 degrees. Take pi as 22/7.","","38.5 cm^2","The area is (90/360) x 22/7 x 49 = 38.5 cm^2.","Answer-key match with educator override. 2 marks maximum, partial credit at reviewer discretion.","draft / unverified","none","NUMERIC_CHECK","","","","","",""
"C10-2627-MATH-REQ034-REASS-002","Mathematics","Mensuration","Areas Related to Circles","Areas of Sector and Segment of a Circle","LO_M11.1.1","Calculate arc lengths, areas of sectors, and areas of segments of circles.","REQ_MATH_2026_034 | REQ_MATH_2026_035","Maths_SecP1X_2026-27.pdf Page 5","short_answer","2","2","FRESH_REASSESSMENT","","Find the length of an arc of radius 14 cm subtending 120 degrees at the centre. Take pi as 22/7.","","29.33 cm","The arc length is (120/360) x 2 x 22/7 x 14 = 29.33 cm.","Answer-key match with educator override. 2 marks maximum, partial credit at reviewer discretion.","draft / unverified","none","NUMERIC_CHECK","","","","","",""
"C10-2627-MATH-REQ034-REASS-003","Mathematics","Mensuration","Areas Related to Circles","Areas of Sector and Segment of a Circle","LO_M11.1.1","Calculate arc lengths, areas of sectors, and areas of segments of circles.","REQ_MATH_2026_034 | REQ_MATH_2026_035","Maths_SecP1X_2026-27.pdf Page 5","mcq","1","1","FRESH_REASSESSMENT","","The area of a semicircle of radius 7 cm, taking pi as 22/7, is","38.5 cm^2 | 22 cm^2 | 77 cm^2 | 154 cm^2","77 cm^2","A semicircle is half the circle, so the area is (1/2) x 22/7 x 49 = 77 cm^2.","Exact option match. 1 mark for the correct option, 0 otherwise.","draft / unverified","none","NUMERIC_CHECK","","","","","",""
"C10-2627-MATH-REQ034-REASS-004","Mathematics","Mensuration","Areas Related to Circles","Areas of Sector and Segment of a Circle","LO_M11.1.1","Calculate arc lengths, areas of sectors, and areas of segments of circles.","REQ_MATH_2026_034 | REQ_MATH_2026_035","Maths_SecP1X_2026-27.pdf Page 5","case_study","4","4","FRESH_REASSESSMENT","","A windscreen wiper blade sweeps a sector of a circle of radius 28 cm through an angle of 90 degrees on each stroke. Take pi as 22/7.  Find the total area cleaned by two such wiper blades in one stroke each.","","1232 cm^2","One blade cleans (90/360) x 22/7 x 784 = 616 cm^2, so two blades clean 1232 cm^2.","Answer-key match with educator override. 4 marks maximum, partial credit at reviewer discretion.","draft / unverified","none","NUMERIC_CHECK STIMULUS_EMBEDDED","","","","","",""
"C10-2627-MATH-REQ034-REASS-005","Mathematics","Mensuration","Areas Related to Circles","Areas of Sector and Segment of a Circle","LO_M11.1.1","Calculate arc lengths, areas of sectors, and areas of segments of circles.","REQ_MATH_2026_034 | REQ_MATH_2026_035","Maths_SecP1X_2026-27.pdf Page 5","short_answer","4","4","FRESH_REASSESSMENT","","A chord of a circle of radius 14 cm subtends a right angle at the centre. Find the area of the minor segment. Take pi as 22/7.","","56 cm^2","The quadrant area is 154 cm^2 and the triangle area is (1/2) x 14 x 14 = 98 cm^2, so the segment area is 56 cm^2.","Answer-key match with educator override. 4 marks maximum, partial credit at reviewer discretion.","draft / unverified","none","NUMERIC_CHECK","","","","","",""
"C10-2627-MATH-REQ034-REASS-006","Mathematics","Mensuration","Areas Related to Circles","Areas of Sector and Segment of a Circle","LO_M11.1.1","Calculate arc lengths, areas of sectors, and areas of segments of circles.","REQ_MATH_2026_034 | REQ_MATH_2026_035","Maths_SecP1X_2026-27.pdf Page 5","short_answer","3","3","FRESH_REASSESSMENT","","Find the perimeter of a sector of radius 21 cm with central angle 60 degrees. Take pi as 22/7.","","64 cm","The arc is 22 cm and the two radii add 42 cm, so the perimeter is 64 cm.","Answer-key match with educator override. 3 marks maximum, partial credit at reviewer discretion.","draft / unverified","none","NUMERIC_CHECK","","","","","",""
"C10-2627-MATH-REQ034-REASS-007","Mathematics","Mensuration","Areas Related to Circles","Areas of Sector and Segment of a Circle","LO_M11.1.1","Calculate arc lengths, areas of sectors, and areas of segments of circles.","REQ_MATH_2026_034 | REQ_MATH_2026_035","Maths_SecP1X_2026-27.pdf Page 5","data_interpretation","3","3","FRESH_REASSESSMENT","","Two sectors are cut from card, with pi taken as 22/7: | Sector | Radius | Central angle | | S1 | 7 cm | 120 degrees | | S2 | 21 cm | 30 degrees |  Which sector has the greater area, and what is that area?","","S2, with an area of 115.5 cm^2","S1 has area (120/360) x 22/7 x 49 = 51.33 cm^2 and S2 has area (30/360) x 22/7 x 441 = 115.5 cm^2, so S2 is larger.","Answer-key match with educator override. 3 marks maximum, partial credit at reviewer discretion.","draft / unverified","none","NUMERIC_CHECK STIMULUS_EMBEDDED","","","","","",""
"C10-2627-MATH-REQ034-REASS-008","Mathematics","Mensuration","Areas Related to Circles","Areas of Sector and Segment of a Circle","LO_M11.1.1","Calculate arc lengths, areas of sectors, and areas of segments of circles.","REQ_MATH_2026_034 | REQ_MATH_2026_035","Maths_SecP1X_2026-27.pdf Page 5","assertion_reason","3","1","FRESH_REASSESSMENT","","Assertion (A): Doubling the radius of a sector while keeping the central angle fixed multiplies its area by four. Reason (R): The area of a sector varies as the square of the radius for a fixed central angle. Choose the correct option.","Both A and R are true and R is the correct explanation of A. | Both A and R are true but R is not the correct explanation of A. | A is true but R is false. | A is false but R is true.","Both A and R are true and R is the correct explanation of A.","The formula (theta/360) x pi r^2 is quadratic in r, so doubling r multiplies the area by 2^2 = 4.","Exact option match. 1 mark for the correct option, 0 otherwise.","draft / unverified","none","none","","","","","",""
"C10-2627-MATH-REQ034-REASS-009","Mathematics","Mensuration","Areas Related to Circles","Areas of Sector and Segment of a Circle","LO_M11.1.1","Calculate arc lengths, areas of sectors, and areas of segments of circles.","REQ_MATH_2026_034 | REQ_MATH_2026_035","Maths_SecP1X_2026-27.pdf Page 5","true_false","2","1","FRESH_REASSESSMENT","","State whether the following is true or false, and justify in one line: The major segment of a circle always has a larger area than the minor segment cut off by the same chord.","True | False","True","The chord splits the disc into two parts, and by definition the major segment is the larger of the two.","Exact option match. 1 mark for the correct option, 0 otherwise.","draft / unverified","none","none","","","","","",""
"C10-2627-MATH-REQ034-REASS-010","Mathematics","Mensuration","Areas Related to Circles","Areas of Sector and Segment of a Circle","LO_M11.1.1","Calculate arc lengths, areas of sectors, and areas of segments of circles.","REQ_MATH_2026_034 | REQ_MATH_2026_035","Maths_SecP1X_2026-27.pdf Page 5","mcq","3","1","FRESH_REASSESSMENT","","A sector of a circle of radius 6 cm has area 9.42 cm^2. Taking pi as 3.14, its central angle is","90 degrees | 30 degrees | 45 degrees | 60 degrees","30 degrees","Solving (theta/360) x 3.14 x 36 = 9.42 gives theta = 30 degrees.","Exact option match. 1 mark for the correct option, 0 otherwise.","draft / unverified","none","NUMERIC_CHECK","","","","","",""
"C10-2627-MATH-REQ036-DIAG-001","Mathematics","Mensuration","Surface Areas and Volumes","Surface Area and Volume of Combinations of Solids","LO_M12.1.1","Determine surface areas and volumes of combinations of basic 3D solids (cubes, cuboids, spheres, hemispheres, cylinders, cones).","REQ_MATH_2026_036","Maths_SecP1X_2026-27.pdf Page 5","short_answer","2","3","DIAGNOSTIC","","Find the volume of a solid hemisphere of radius 3.5 cm. Take pi as 22/7.","","89.83 cm^3","The volume is (2/3) x 22/7 x 3.5^3 = 89.83 cm^3 to two decimal places.","Answer-key match with educator override. 3 marks maximum, partial credit at reviewer discretion.","draft / unverified","none","NUMERIC_CHECK","","","","","",""
"C10-2627-MATH-REQ036-DIAG-002","Mathematics","Mensuration","Surface Areas and Volumes","Surface Area and Volume of Combinations of Solids","LO_M12.1.1","Determine surface areas and volumes of combinations of basic 3D solids (cubes, cuboids, spheres, hemispheres, cylinders, cones).","REQ_MATH_2026_036","Maths_SecP1X_2026-27.pdf Page 5","short_answer","2","2","DIAGNOSTIC","","Find the volume of a right circular cone of base radius 3 cm and height 4 cm. Take pi as 3.14.","","37.68 cm^3","The volume is (1/3) x 3.14 x 9 x 4 = 37.68 cm^3.","Answer-key match with educator override. 2 marks maximum, partial credit at reviewer discretion.","draft / unverified","none","NUMERIC_CHECK","","","","","",""
"C10-2627-MATH-REQ036-DIAG-003","Mathematics","Mensuration","Surface Areas and Volumes","Surface Area and Volume of Combinations of Solids","LO_M12.1.1","Determine surface areas and volumes of combinations of basic 3D solids (cubes, cuboids, spheres, hemispheres, cylinders, cones).","REQ_MATH_2026_036","Maths_SecP1X_2026-27.pdf Page 5","mcq","2","1","DIAGNOSTIC","","The surface area of a sphere of radius 7 cm, taking pi as 22/7, is","1232 cm^2 | 616 cm^2 | 154 cm^2 | 308 cm^2","616 cm^2","The surface area is 4 x 22/7 x 49 = 616 cm^2.","Exact option match. 1 mark for the correct option, 0 otherwise.","draft / unverified","none","NUMERIC_CHECK","","","","","",""
"C10-2627-MATH-REQ036-DIAG-004","Mathematics","Mensuration","Surface Areas and Volumes","Surface Area and Volume of Combinations of Solids","LO_M12.1.1","Determine surface areas and volumes of combinations of basic 3D solids (cubes, cuboids, spheres, hemispheres, cylinders, cones).","REQ_MATH_2026_036","Maths_SecP1X_2026-27.pdf Page 5","case_study","4","4","DIAGNOSTIC","","A wooden toy is made by mounting a cone of height 4 cm exactly on the flat face of a hemisphere of the same radius 3 cm. Take pi as 3.14.  Find the total volume of the toy.","","94.2 cm^3","The cone contributes 37.68 cm^3 and the hemisphere contributes (2/3) x 3.14 x 27 = 56.52 cm^3, giving 94.2 cm^3 in total.","Answer-key match with educator override. 4 marks maximum, partial credit at reviewer discretion.","draft / unverified","none","NUMERIC_CHECK STIMULUS_EMBEDDED","","","","","",""
"C10-2627-MATH-REQ036-DIAG-005","Mathematics","Mensuration","Surface Areas and Volumes","Surface Area and Volume of Combinations of Solids","LO_M12.1.1","Determine surface areas and volumes of combinations of basic 3D solids (cubes, cuboids, spheres, hemispheres, cylinders, cones).","REQ_MATH_2026_036","Maths_SecP1X_2026-27.pdf Page 5","short_answer","2","2","DIAGNOSTIC","","Find the curved surface area of a cylinder of radius 7 cm and height 10 cm. Take pi as 22/7.","","440 cm^2","The curved surface area is 2 x 22/7 x 7 x 10 = 440 cm^2.","Answer-key match with educator override. 2 marks maximum, partial credit at reviewer discretion.","draft / unverified","none","NUMERIC_CHECK","","","","","",""
"C10-2627-MATH-REQ036-DIAG-006","Mathematics","Mensuration","Surface Areas and Volumes","Surface Area and Volume of Combinations of Solids","LO_M12.1.1","Determine surface areas and volumes of combinations of basic 3D solids (cubes, cuboids, spheres, hemispheres, cylinders, cones).","REQ_MATH_2026_036","Maths_SecP1X_2026-27.pdf Page 5","assertion_reason","3","1","DIAGNOSTIC","","Assertion (A): When two solids are joined, the total surface area is generally less than the sum of their separate surface areas. Reason (R): The surfaces in contact at the join are no longer exposed. Choose the correct option.","Both A and R are true and R is the correct explanation of A. | Both A and R are true but R is not the correct explanation of A. | A is true but R is false. | A is false but R is true.","Both A and R are true and R is the correct explanation of A.","The joined faces are hidden inside the composite solid, so their areas are excluded from the total surface area.","Exact option match. 1 mark for the correct option, 0 otherwise.","draft / unverified","none","none","","","","","",""
"C10-2627-MATH-REQ036-DIAG-007","Mathematics","Mensuration","Surface Areas and Volumes","Surface Area and Volume of Combinations of Solids","LO_M12.1.1","Determine surface areas and volumes of combinations of basic 3D solids (cubes, cuboids, spheres, hemispheres, cylinders, cones).","REQ_MATH_2026_036","Maths_SecP1X_2026-27.pdf Page 5","true_false","2","1","DIAGNOSTIC","","State whether the following is true or false, and justify in one line: When a solid is recast into another shape, its volume remains unchanged if no material is lost.","True | False","True","Recasting only changes shape, so the amount of material and therefore the volume is conserved.","Exact option match. 1 mark for the correct option, 0 otherwise.","draft / unverified","none","none","","","","","",""
"C10-2627-MATH-REQ036-REASS-001","Mathematics","Mensuration","Surface Areas and Volumes","Surface Area and Volume of Combinations of Solids","LO_M12.1.1","Determine surface areas and volumes of combinations of basic 3D solids (cubes, cuboids, spheres, hemispheres, cylinders, cones).","REQ_MATH_2026_036","Maths_SecP1X_2026-27.pdf Page 5","short_answer","2","3","FRESH_REASSESSMENT","","Find the volume of a sphere of radius 21 cm. Take pi as 22/7.","","38808 cm^3","The volume is (4/3) x 22/7 x 9261 = 38808 cm^3.","Answer-key match with educator override. 3 marks maximum, partial credit at reviewer discretion.","draft / unverified","none","NUMERIC_CHECK","","","","","",""
"C10-2627-MATH-REQ036-REASS-002","Mathematics","Mensuration","Surface Areas and Volumes","Surface Area and Volume of Combinations of Solids","LO_M12.1.1","Determine surface areas and volumes of combinations of basic 3D solids (cubes, cuboids, spheres, hemispheres, cylinders, cones).","REQ_MATH_2026_036","Maths_SecP1X_2026-27.pdf Page 5","short_answer","3","3","FRESH_REASSESSMENT","","A cone has base radius 5 cm and height 12 cm. Find its curved surface area. Take pi as 3.14.","","204.1 cm^2","The slant height is root(25 + 144) = 13 cm, so the curved surface area is 3.14 x 5 x 13 = 204.1 cm^2.","Answer-key match with educator override. 3 marks maximum, partial credit at reviewer discretion.","draft / unverified","none","NUMERIC_CHECK","","","","","",""
"C10-2627-MATH-REQ036-REASS-003","Mathematics","Mensuration","Surface Areas and Volumes","Surface Area and Volume of Combinations of Solids","LO_M12.1.1","Determine surface areas and volumes of combinations of basic 3D solids (cubes, cuboids, spheres, hemispheres, cylinders, cones).","REQ_MATH_2026_036","Maths_SecP1X_2026-27.pdf Page 5","mcq","2","1","FRESH_REASSESSMENT","","The total surface area of a solid hemisphere of radius 7 cm, taking pi as 22/7, is","154 cm^2 | 616 cm^2 | 462 cm^2 | 308 cm^2","462 cm^2","The total surface area is 3 x 22/7 x 49 = 462 cm^2, being the curved surface plus the flat circular face.","Exact option match. 1 mark for the correct option, 0 otherwise.","draft / unverified","none","NUMERIC_CHECK","","","","","",""
"C10-2627-MATH-REQ036-REASS-004","Mathematics","Mensuration","Surface Areas and Volumes","Surface Area and Volume of Combinations of Solids","LO_M12.1.1","Determine surface areas and volumes of combinations of basic 3D solids (cubes, cuboids, spheres, hemispheres, cylinders, cones).","REQ_MATH_2026_036","Maths_SecP1X_2026-27.pdf Page 5","case_study","4","4","FRESH_REASSESSMENT","","A medicine capsule is shaped as a cylinder of length 9 mm with a hemisphere of the same radius 2.5 mm attached at each end. Take pi as 3.14.  Find the total volume of the capsule.","","242.04 mm^3","The cylinder holds 3.14 x 6.25 x 9 = 176.63 mm^3 and the two hemispheres together form a sphere of volume (4/3) x 3.14 x 15.625 = 65.42 mm^3, giving about 242.04 mm^3.","Answer-key match with educator override. 4 marks maximum, partial credit at reviewer discretion.","draft / unverified","none","NUMERIC_CHECK STIMULUS_EMBEDDED","","","","","",""
"C10-2627-MATH-REQ036-REASS-005","Mathematics","Mensuration","Surface Areas and Volumes","Surface Area and Volume of Combinations of Solids","LO_M12.1.1","Determine surface areas and volumes of combinations of basic 3D solids (cubes, cuboids, spheres, hemispheres, cylinders, cones).","REQ_MATH_2026_036","Maths_SecP1X_2026-27.pdf Page 5","short_answer","4","4","FRESH_REASSESSMENT","","A solid metallic sphere of radius 6 cm is melted and recast into a right circular cylinder of base radius 4 cm. Find the height of the cylinder.","","18 cm","Volume is conserved, so (4/3) pi 216 = pi 16 h, giving 288 = 16h and h = 18 cm.","Answer-key match with educator override. 4 marks maximum, partial credit at reviewer discretion.","draft / unverified","none","NUMERIC_CHECK","","","","","",""
"C10-2627-MATH-REQ036-REASS-006","Mathematics","Mensuration","Surface Areas and Volumes","Surface Area and Volume of Combinations of Solids","LO_M12.1.1","Determine surface areas and volumes of combinations of basic 3D solids (cubes, cuboids, spheres, hemispheres, cylinders, cones).","REQ_MATH_2026_036","Maths_SecP1X_2026-27.pdf Page 5","short_answer","2","2","FRESH_REASSESSMENT","","Find the volume of a cylinder of radius 3.5 cm and height 8 cm. Take pi as 22/7.","","308 cm^3","The volume is 22/7 x 12.25 x 8 = 308 cm^3.","Answer-key match with educator override. 2 marks maximum, partial credit at reviewer discretion.","draft / unverified","none","NUMERIC_CHECK","","","","","",""
"C10-2627-MATH-REQ036-REASS-007","Mathematics","Mensuration","Surface Areas and Volumes","Surface Area and Volume of Combinations of Solids","LO_M12.1.1","Determine surface areas and volumes of combinations of basic 3D solids (cubes, cuboids, spheres, hemispheres, cylinders, cones).","REQ_MATH_2026_036","Maths_SecP1X_2026-27.pdf Page 5","data_interpretation","3","3","FRESH_REASSESSMENT","","Two containers are compared, with pi taken as 3.14: | Container | Shape | Dimensions | | C1 | Cylinder | radius 5 cm, height 10 cm | | C2 | Cone | radius 5 cm, height 10 cm |  How many times the volume of C2 is the volume of C1?","","3 times","The cone volume is one third of the cylinder volume for the same base and height, so C1 holds three times as much.","Answer-key match with educator override. 3 marks maximum, partial credit at reviewer discretion.","draft / unverified","none","NUMERIC_CHECK STIMULUS_EMBEDDED","","","","","",""
"C10-2627-MATH-REQ036-REASS-008","Mathematics","Mensuration","Surface Areas and Volumes","Surface Area and Volume of Combinations of Solids","LO_M12.1.1","Determine surface areas and volumes of combinations of basic 3D solids (cubes, cuboids, spheres, hemispheres, cylinders, cones).","REQ_MATH_2026_036","Maths_SecP1X_2026-27.pdf Page 5","assertion_reason","3","1","FRESH_REASSESSMENT","","Assertion (A): Doubling the radius of a sphere multiplies its volume by eight. Reason (R): The volume of a sphere varies as the cube of its radius. Choose the correct option.","Both A and R are true and R is the correct explanation of A. | Both A and R are true but R is not the correct explanation of A. | A is true but R is false. | A is false but R is true.","Both A and R are true and R is the correct explanation of A.","Since V = (4/3) pi r^3, replacing r by 2r multiplies the volume by 2^3 = 8.","Exact option match. 1 mark for the correct option, 0 otherwise.","draft / unverified","none","none","","","","","",""
"C10-2627-MATH-REQ036-REASS-009","Mathematics","Mensuration","Surface Areas and Volumes","Surface Area and Volume of Combinations of Solids","LO_M12.1.1","Determine surface areas and volumes of combinations of basic 3D solids (cubes, cuboids, spheres, hemispheres, cylinders, cones).","REQ_MATH_2026_036","Maths_SecP1X_2026-27.pdf Page 5","true_false","2","1","FRESH_REASSESSMENT","","State whether the following is true or false, and justify in one line: When a hemisphere is fixed on the flat top of a cylinder of the same radius, the flat circular face of the cylinder is still counted in the total surface area.","True | False","False","That face is covered by the hemisphere, so it is no longer an exposed surface and is excluded.","Exact option match. 1 mark for the correct option, 0 otherwise.","draft / unverified","none","none","","","","","",""
"C10-2627-MATH-REQ036-REASS-010","Mathematics","Mensuration","Surface Areas and Volumes","Surface Area and Volume of Combinations of Solids","LO_M12.1.1","Determine surface areas and volumes of combinations of basic 3D solids (cubes, cuboids, spheres, hemispheres, cylinders, cones).","REQ_MATH_2026_036","Maths_SecP1X_2026-27.pdf Page 5","mcq","3","1","FRESH_REASSESSMENT","","A solid sphere of the largest possible size is carved from a cube of edge 14 cm. The radius of the sphere is","14 cm | 10.5 cm | 3.5 cm | 7 cm","7 cm","The largest inscribed sphere has diameter equal to the edge of the cube, so its radius is 14/2 = 7 cm.","Exact option match. 1 mark for the correct option, 0 otherwise.","draft / unverified","none","NUMERIC_CHECK","","","","","",""
"C10-2627-MATH-REQ037-DIAG-001","Mathematics","Statistics & Probability","Statistics","Mean, Median, and Mode of Grouped Data","LO_M13.1.1","Calculate Mean, Median, and Mode of grouped data and apply empirical relationship.","REQ_MATH_2026_037","Maths_SecP1X_2026-27.pdf Page 5","data_interpretation","3","3","DIAGNOSTIC","","Marks obtained by 20 students: | Class | Frequency | | 0-10 | 4 | | 10-20 | 6 | | 20-30 | 7 | | 30-40 | 3 |  Find the mean marks using the direct method.","","19.5","The class marks are 5, 15, 25 and 35, so the sum of f x is 20 + 90 + 175 + 105 = 390 and the mean is 390/20 = 19.5.","Answer-key match with educator override. 3 marks maximum, partial credit at reviewer discretion.","draft / unverified","none","NUMERIC_CHECK STIMULUS_EMBEDDED","","","","","",""
"C10-2627-MATH-REQ037-DIAG-002","Mathematics","Statistics & Probability","Statistics","Mean, Median, and Mode of Grouped Data","LO_M13.1.1","Calculate Mean, Median, and Mode of grouped data and apply empirical relationship.","REQ_MATH_2026_037","Maths_SecP1X_2026-27.pdf Page 5","short_answer","2","2","DIAGNOSTIC","","For a moderately skewed distribution the mean is 30 and the median is 28. Estimate the mode using the empirical relationship.","","24","The empirical relationship gives Mode = 3 x Median - 2 x Mean = 84 - 60 = 24.","Answer-key match with educator override. 2 marks maximum, partial credit at reviewer discretion.","draft / unverified","none","NUMERIC_CHECK","","","","","",""
"C10-2627-MATH-REQ037-DIAG-003","Mathematics","Statistics & Probability","Statistics","Mean, Median, and Mode of Grouped Data","LO_M13.1.1","Calculate Mean, Median, and Mode of grouped data and apply empirical relationship.","REQ_MATH_2026_037","Maths_SecP1X_2026-27.pdf Page 5","mcq","1","1","DIAGNOSTIC","","The class mark of the class interval 25-35 is","10 | 30 | 25 | 35","30","The class mark is the average of the limits, (25 + 35)/2 = 30.","Exact option match. 1 mark for the correct option, 0 otherwise.","draft / unverified","none","NUMERIC_CHECK","","","","","",""
"C10-2627-MATH-REQ037-DIAG-004","Mathematics","Statistics & Probability","Statistics","Mean, Median, and Mode of Grouped Data","LO_M13.1.1","Calculate Mean, Median, and Mode of grouped data and apply empirical relationship.","REQ_MATH_2026_037","Maths_SecP1X_2026-27.pdf Page 5","data_interpretation","3","3","DIAGNOSTIC","","A grouped distribution of 40 observations: | Class | Frequency | | 0-10 | 5 | | 10-20 | 12 | | 20-30 | 15 | | 30-40 | 8 |  Identify the median class and state the cumulative frequency just before it.","","The median class is 20-30, with a preceding cumulative frequency of 17","Half of 40 is 20. The cumulative frequencies are 5, 17, 32 and 40, so the class where the cumulative frequency first reaches 20 is 20-30 and the frequency before it is 17.","Answer-key match with educator override. 3 marks maximum, partial credit at reviewer discretion.","draft / unverified","none","NUMERIC_CHECK STIMULUS_EMBEDDED","","","","","",""
"C10-2627-MATH-REQ037-DIAG-005","Mathematics","Statistics & Probability","Statistics","Mean, Median, and Mode of Grouped Data","LO_M13.1.1","Calculate Mean, Median, and Mode of grouped data and apply empirical relationship.","REQ_MATH_2026_037","Maths_SecP1X_2026-27.pdf Page 5","short_answer","4","4","DIAGNOSTIC","","In a grouped distribution the modal class is 30-40 with frequency 25, the preceding class has frequency 12 and the following class has frequency 10. The class width is 10. Find the mode.","","34.64","Mode = l + ((f1 - f0)/(2 f1 - f0 - f2)) x h = 30 + (13/28) x 10 = 34.64 to two decimal places.","Answer-key match with educator override. 4 marks maximum, partial credit at reviewer discretion.","draft / unverified","none","NUMERIC_CHECK","","","","","",""
"C10-2627-MATH-REQ037-DIAG-006","Mathematics","Statistics & Probability","Statistics","Mean, Median, and Mode of Grouped Data","LO_M13.1.1","Calculate Mean, Median, and Mode of grouped data and apply empirical relationship.","REQ_MATH_2026_037","Maths_SecP1X_2026-27.pdf Page 5","assertion_reason","2","1","DIAGNOSTIC","","Assertion (A): The median of grouped data can be obtained without knowing the individual observations. Reason (R): The median formula for grouped data uses only the class boundaries, frequencies and cumulative frequencies. Choose the correct option.","Both A and R are true and R is the correct explanation of A. | Both A and R are true but R is not the correct explanation of A. | A is true but R is false. | A is false but R is true.","Both A and R are true and R is the correct explanation of A.","Because the formula depends only on grouped quantities, the individual values are not required.","Exact option match. 1 mark for the correct option, 0 otherwise.","draft / unverified","none","none","","","","","",""
"C10-2627-MATH-REQ037-DIAG-007","Mathematics","Statistics & Probability","Statistics","Mean, Median, and Mode of Grouped Data","LO_M13.1.1","Calculate Mean, Median, and Mode of grouped data and apply empirical relationship.","REQ_MATH_2026_037","Maths_SecP1X_2026-27.pdf Page 5","true_false","2","1","DIAGNOSTIC","","State whether the following is true or false, and justify in one line: The mean of grouped data computed by the direct method and by the assumed mean method can differ.","True | False","False","Both methods are algebraically equivalent rearrangements, so they give the same mean apart from rounding.","Exact option match. 1 mark for the correct option, 0 otherwise.","draft / unverified","none","none","","","","","",""
"C10-2627-MATH-REQ037-REASS-001","Mathematics","Statistics & Probability","Statistics","Mean, Median, and Mode of Grouped Data","LO_M13.1.1","Calculate Mean, Median, and Mode of grouped data and apply empirical relationship.","REQ_MATH_2026_037","Maths_SecP1X_2026-27.pdf Page 5","data_interpretation","3","3","FRESH_REASSESSMENT","","Daily wages of 25 workers: | Class | Frequency | | 100-120 | 6 | | 120-140 | 9 | | 140-160 | 7 | | 160-180 | 3 |  Find the mean daily wage using class marks.","","135.6","The class marks are 110, 130, 150 and 170, giving sum f x = 660 + 1170 + 1050 + 510 = 3390 and mean 3390/25 = 135.6.","Answer-key match with educator override. 3 marks maximum, partial credit at reviewer discretion.","draft / unverified","none","NUMERIC_CHECK STIMULUS_EMBEDDED","","","","","",""
"C10-2627-MATH-REQ037-REASS-002","Mathematics","Statistics & Probability","Statistics","Mean, Median, and Mode of Grouped Data","LO_M13.1.1","Calculate Mean, Median, and Mode of grouped data and apply empirical relationship.","REQ_MATH_2026_037","Maths_SecP1X_2026-27.pdf Page 5","short_answer","2","2","FRESH_REASSESSMENT","","The mode of a distribution is 45 and its mean is 42. Estimate the median using the empirical relationship.","","43","From Mode = 3 Median - 2 Mean, 45 = 3M - 84, so 3M = 129 and the median is 43.","Answer-key match with educator override. 2 marks maximum, partial credit at reviewer discretion.","draft / unverified","none","NUMERIC_CHECK","","","","","",""
"C10-2627-MATH-REQ037-REASS-003","Mathematics","Statistics & Probability","Statistics","Mean, Median, and Mode of Grouped Data","LO_M13.1.1","Calculate Mean, Median, and Mode of grouped data and apply empirical relationship.","REQ_MATH_2026_037","Maths_SecP1X_2026-27.pdf Page 5","mcq","1","1","FRESH_REASSESSMENT","","The class mark of the interval 62-70 is","70 | 8 | 66 | 62","66","The class mark is (62 + 70)/2 = 66.","Exact option match. 1 mark for the correct option, 0 otherwise.","draft / unverified","none","NUMERIC_CHECK","","","","","",""
"C10-2627-MATH-REQ037-REASS-004","Mathematics","Statistics & Probability","Statistics","Mean, Median, and Mode of Grouped Data","LO_M13.1.1","Calculate Mean, Median, and Mode of grouped data and apply empirical relationship.","REQ_MATH_2026_037","Maths_SecP1X_2026-27.pdf Page 5","data_interpretation","4","4","FRESH_REASSESSMENT","","A distribution of 50 observations: | Class | Frequency | | 0-20 | 8 | | 20-40 | 14 | | 40-60 | 18 | | 60-80 | 10 |  Find the median of the distribution.","","43.33","n/2 = 25, so the median class is 40-60 with cf before it 22, f = 18 and h = 20. The median is 40 + (3/18) x 20 = 43.33.","Answer-key match with educator override. 4 marks maximum, partial credit at reviewer discretion.","draft / unverified","none","NUMERIC_CHECK STIMULUS_EMBEDDED","","","","","",""
"C10-2627-MATH-REQ037-REASS-005","Mathematics","Statistics & Probability","Statistics","Mean, Median, and Mode of Grouped Data","LO_M13.1.1","Calculate Mean, Median, and Mode of grouped data and apply empirical relationship.","REQ_MATH_2026_037","Maths_SecP1X_2026-27.pdf Page 5","short_answer","4","4","FRESH_REASSESSMENT","","The modal class of a distribution is 20-30 with frequency 30, the preceding frequency is 18 and the following frequency is 20. The class width is 10. Find the mode.","","25.45","Mode = 20 + (12/22) x 10 = 25.45 to two decimal places.","Answer-key match with educator override. 4 marks maximum, partial credit at reviewer discretion.","draft / unverified","none","NUMERIC_CHECK","","","","","",""
"C10-2627-MATH-REQ037-REASS-006","Mathematics","Statistics & Probability","Statistics","Mean, Median, and Mode of Grouped Data","LO_M13.1.1","Calculate Mean, Median, and Mode of grouped data and apply empirical relationship.","REQ_MATH_2026_037","Maths_SecP1X_2026-27.pdf Page 5","short_answer","3","3","FRESH_REASSESSMENT","","Using an assumed mean of 25, the deviations d = x - 25 for classes with frequencies 4, 6, 5 and 5 are -20, -10, 0 and 10 respectively. Find the mean.","","20.5","Sum of f d = -80 - 60 + 0 + 50 = -90 and the total frequency is 20, so the mean is 25 - 4.5 = 20.5.","Answer-key match with educator override. 3 marks maximum, partial credit at reviewer discretion.","draft / unverified","none","NUMERIC_CHECK","","","","","",""
"C10-2627-MATH-REQ037-REASS-007","Mathematics","Statistics & Probability","Statistics","Mean, Median, and Mode of Grouped Data","LO_M13.1.1","Calculate Mean, Median, and Mode of grouped data and apply empirical relationship.","REQ_MATH_2026_037","Maths_SecP1X_2026-27.pdf Page 5","mcq","2","1","FRESH_REASSESSMENT","","For a distribution of 60 observations, the median class is the class in which the cumulative frequency first reaches","60 | 15 | 45 | 30","30","The median class corresponds to n/2 = 30 observations.","Exact option match. 1 mark for the correct option, 0 otherwise.","draft / unverified","none","NUMERIC_CHECK","","","","","",""
"C10-2627-MATH-REQ037-REASS-008","Mathematics","Statistics & Probability","Statistics","Mean, Median, and Mode of Grouped Data","LO_M13.1.1","Calculate Mean, Median, and Mode of grouped data and apply empirical relationship.","REQ_MATH_2026_037","Maths_SecP1X_2026-27.pdf Page 5","assertion_reason","3","1","FRESH_REASSESSMENT","","Assertion (A): A grouped distribution can have more than one modal class. Reason (R): The modal class is the class with the greatest frequency. Choose the correct option.","Both A and R are true and R is the correct explanation of A. | Both A and R are true but R is not the correct explanation of A. | A is true but R is false. | A is false but R is true.","Both A and R are true and R is the correct explanation of A.","If two classes share the greatest frequency then both are modal, which is exactly what R permits.","Exact option match. 1 mark for the correct option, 0 otherwise.","draft / unverified","none","none","","","","","",""
"C10-2627-MATH-REQ037-REASS-009","Mathematics","Statistics & Probability","Statistics","Mean, Median, and Mode of Grouped Data","LO_M13.1.1","Calculate Mean, Median, and Mode of grouped data and apply empirical relationship.","REQ_MATH_2026_037","Maths_SecP1X_2026-27.pdf Page 5","true_false","2","1","FRESH_REASSESSMENT","","State whether the following is true or false, and justify in one line: The mean is affected more than the median by an extremely large observation.","True | False","True","The mean uses every value in its sum, while the median depends only on the position of the middle value.","Exact option match. 1 mark for the correct option, 0 otherwise.","draft / unverified","none","none","","","","","",""
"C10-2627-MATH-REQ037-REASS-010","Mathematics","Statistics & Probability","Statistics","Mean, Median, and Mode of Grouped Data","LO_M13.1.1","Calculate Mean, Median, and Mode of grouped data and apply empirical relationship.","REQ_MATH_2026_037","Maths_SecP1X_2026-27.pdf Page 5","short_answer","2","2","FRESH_REASSESSMENT","","The frequencies of four consecutive classes are 7, 11, 9 and 3. Write the cumulative frequency of the third class.","","27","Cumulative frequencies are 7, 18, 27 and 30, so the third is 27.","Answer-key match with educator override. 2 marks maximum, partial credit at reviewer discretion.","draft / unverified","none","NUMERIC_CHECK","","","","","",""
"C10-2627-MATH-REQ038-DIAG-001","Mathematics","Statistics & Probability","Probability","Classical Approach to Probability","LO_M14.1.1","Calculate theoretical probability of single and compound events.","REQ_MATH_2026_038","Maths_SecP1X_2026-27.pdf Page 5","short_answer","1","1","DIAGNOSTIC","","A fair six-faced die is rolled once. Find the probability of getting an even number.","","1/2","The even outcomes are 2, 4 and 6, so the probability is 3/6 = 1/2.","Answer-key match with educator override. 1 marks maximum, partial credit at reviewer discretion.","draft / unverified","none","NUMERIC_CHECK RUBRIC_MARKS","","","","","",""
"C10-2627-MATH-REQ038-DIAG-002","Mathematics","Statistics & Probability","Probability","Classical Approach to Probability","LO_M14.1.1","Calculate theoretical probability of single and compound events.","REQ_MATH_2026_038","Maths_SecP1X_2026-27.pdf Page 5","short_answer","2","1","DIAGNOSTIC","","One card is drawn at random from a well shuffled deck of 52 playing cards. Find the probability that it is a king.","","1/13","There are 4 kings in 52 cards, so the probability is 4/52 = 1/13.","Answer-key match with educator override. 1 marks maximum, partial credit at reviewer discretion.","draft / unverified","none","NUMERIC_CHECK RUBRIC_MARKS","","","","","",""
"C10-2627-MATH-REQ038-DIAG-003","Mathematics","Statistics & Probability","Probability","Classical Approach to Probability","LO_M14.1.1","Calculate theoretical probability of single and compound events.","REQ_MATH_2026_038","Maths_SecP1X_2026-27.pdf Page 5","mcq","2","1","DIAGNOSTIC","","If the probability of an event happening is 0.35, the probability of it not happening is","0.5 | 0.65 | 0.35 | 1.35","0.65","Complementary probabilities add to 1, so the answer is 1 - 0.35 = 0.65.","Exact option match. 1 mark for the correct option, 0 otherwise.","draft / unverified","none","NUMERIC_CHECK","","","","","",""
"C10-2627-MATH-REQ038-DIAG-004","Mathematics","Statistics & Probability","Probability","Classical Approach to Probability","LO_M14.1.1","Calculate theoretical probability of single and compound events.","REQ_MATH_2026_038","Maths_SecP1X_2026-27.pdf Page 5","case_study","3","3","DIAGNOSTIC","","A cloth bag holds 5 red marbles, 8 blue marbles and 7 green marbles, identical except for colour. One marble is drawn at random.  Find the probability that the marble drawn is not blue.","","3/5","There are 20 marbles in all and 12 are not blue, so the probability is 12/20 = 3/5.","Answer-key match with educator override. 3 marks maximum, partial credit at reviewer discretion.","draft / unverified","none","NUMERIC_CHECK STIMULUS_EMBEDDED","","","","","",""
"C10-2627-MATH-REQ038-DIAG-005","Mathematics","Statistics & Probability","Probability","Classical Approach to Probability","LO_M14.1.1","Calculate theoretical probability of single and compound events.","REQ_MATH_2026_038","Maths_SecP1X_2026-27.pdf Page 5","short_answer","3","2","DIAGNOSTIC","","Two fair coins are tossed together. Find the probability of getting exactly one head.","","1/2","The sample space is HH, HT, TH, TT and exactly one head occurs in HT and TH, so the probability is 2/4 = 1/2.","Answer-key match with educator override. 2 marks maximum, partial credit at reviewer discretion.","draft / unverified","none","NUMERIC_CHECK","","","","","",""
"C10-2627-MATH-REQ038-DIAG-006","Mathematics","Statistics & Probability","Probability","Classical Approach to Probability","LO_M14.1.1","Calculate theoretical probability of single and compound events.","REQ_MATH_2026_038","Maths_SecP1X_2026-27.pdf Page 5","assertion_reason","1","1","DIAGNOSTIC","","Assertion (A): The probability of an event can never be negative or greater than 1. Reason (R): Probability is the ratio of favourable outcomes to total outcomes, and the favourable count lies between 0 and the total. Choose the correct option.","Both A and R are true and R is the correct explanation of A. | Both A and R are true but R is not the correct explanation of A. | A is true but R is false. | A is false but R is true.","Both A and R are true and R is the correct explanation of A.","Because the numerator is between 0 and the denominator, the ratio lies in the interval from 0 to 1.","Exact option match. 1 mark for the correct option, 0 otherwise.","draft / unverified","none","none","","","","","",""
"C10-2627-MATH-REQ038-DIAG-007","Mathematics","Statistics & Probability","Probability","Classical Approach to Probability","LO_M14.1.1","Calculate theoretical probability of single and compound events.","REQ_MATH_2026_038","Maths_SecP1X_2026-27.pdf Page 5","true_false","1","1","DIAGNOSTIC","","State whether the following is true or false, and justify in one line: The probability of a sure event is 1.","True | False","True","A sure event contains every outcome of the sample space, so its probability is the total divided by itself, which is 1.","Exact option match. 1 mark for the correct option, 0 otherwise.","draft / unverified","none","none","","","","","",""
"C10-2627-MATH-REQ038-REASS-001","Mathematics","Statistics & Probability","Probability","Classical Approach to Probability","LO_M14.1.1","Calculate theoretical probability of single and compound events.","REQ_MATH_2026_038","Maths_SecP1X_2026-27.pdf Page 5","short_answer","2","1","FRESH_REASSESSMENT","","A fair die is rolled once. Find the probability of getting a prime number.","","1/2","The primes on a die are 2, 3 and 5, so the probability is 3/6 = 1/2.","Answer-key match with educator override. 1 marks maximum, partial credit at reviewer discretion.","draft / unverified","none","NUMERIC_CHECK RUBRIC_MARKS","","","","","",""
"C10-2627-MATH-REQ038-REASS-002","Mathematics","Statistics & Probability","Probability","Classical Approach to Probability","LO_M14.1.1","Calculate theoretical probability of single and compound events.","REQ_MATH_2026_038","Maths_SecP1X_2026-27.pdf Page 5","short_answer","2","2","FRESH_REASSESSMENT","","A card is drawn at random from a deck of 52 cards. Find the probability that it is a face card.","","3/13","There are 12 face cards, being the jack, queen and king of each suit, so the probability is 12/52 = 3/13.","Answer-key match with educator override. 2 marks maximum, partial credit at reviewer discretion.","draft / unverified","none","NUMERIC_CHECK","","","","","",""
"C10-2627-MATH-REQ038-REASS-003","Mathematics","Statistics & Probability","Probability","Classical Approach to Probability","LO_M14.1.1","Calculate theoretical probability of single and compound events.","REQ_MATH_2026_038","Maths_SecP1X_2026-27.pdf Page 5","mcq","2","1","FRESH_REASSESSMENT","","The probability that it will not rain tomorrow is 0.72. The probability that it will rain is","1.72 | 0.5 | 0.28 | 0.72","0.28","The two probabilities add to 1, so the required probability is 1 - 0.72 = 0.28.","Exact option match. 1 mark for the correct option, 0 otherwise.","draft / unverified","none","NUMERIC_CHECK","","","","","",""
"C10-2627-MATH-REQ038-REASS-004","Mathematics","Statistics & Probability","Probability","Classical Approach to Probability","LO_M14.1.1","Calculate theoretical probability of single and compound events.","REQ_MATH_2026_038","Maths_SecP1X_2026-27.pdf Page 5","case_study","3","3","FRESH_REASSESSMENT","","Tickets numbered 1 to 40 are placed in a box and one ticket is drawn at random for a class raffle.  Find the probability that the number on the drawn ticket is a multiple of 5.","","1/5","The multiples of 5 up to 40 are 5, 10, 15, 20, 25, 30, 35 and 40, that is 8 tickets, so the probability is 8/40 = 1/5.","Answer-key match with educator override. 3 marks maximum, partial credit at reviewer discretion.","draft / unverified","none","NUMERIC_CHECK STIMULUS_EMBEDDED","","","","","",""
"C10-2627-MATH-REQ038-REASS-005","Mathematics","Statistics & Probability","Probability","Classical Approach to Probability","LO_M14.1.1","Calculate theoretical probability of single and compound events.","REQ_MATH_2026_038","Maths_SecP1X_2026-27.pdf Page 5","short_answer","3","3","FRESH_REASSESSMENT","","Three fair coins are tossed together. Find the probability of getting at least two heads.","","1/2","The sample space has 8 equally likely outcomes and at least two heads occurs in HHH, HHT, HTH and THH, so the probability is 4/8 = 1/2.","Answer-key match with educator override. 3 marks maximum, partial credit at reviewer discretion.","draft / unverified","none","NUMERIC_CHECK","","","","","",""
"C10-2627-MATH-REQ038-REASS-006","Mathematics","Statistics & Probability","Probability","Classical Approach to Probability","LO_M14.1.1","Calculate theoretical probability of single and compound events.","REQ_MATH_2026_038","Maths_SecP1X_2026-27.pdf Page 5","data_interpretation","3","3","FRESH_REASSESSMENT","","A bag contains counters as listed: | Colour | Count | | Yellow | 6 | | Black | 9 | | White | 5 |  One counter is drawn at random. Find the probability that it is yellow or white.","","11/20","There are 20 counters and 11 are yellow or white, so the probability is 11/20.","Answer-key match with educator override. 3 marks maximum, partial credit at reviewer discretion.","draft / unverified","none","NUMERIC_CHECK STIMULUS_EMBEDDED","","","","","",""
"C10-2627-MATH-REQ038-REASS-007","Mathematics","Statistics & Probability","Probability","Classical Approach to Probability","LO_M14.1.1","Calculate theoretical probability of single and compound events.","REQ_MATH_2026_038","Maths_SecP1X_2026-27.pdf Page 5","short_answer","4","3","FRESH_REASSESSMENT","","Two fair dice are thrown together. Find the probability that the sum of the numbers appearing is 9.","","1/9","There are 36 equally likely outcomes and the sum 9 arises from (3,6), (4,5), (5,4) and (6,3), so the probability is 4/36 = 1/9.","Answer-key match with educator override. 3 marks maximum, partial credit at reviewer discretion.","draft / unverified","none","NUMERIC_CHECK","","","","","",""
"C10-2627-MATH-REQ038-REASS-008","Mathematics","Statistics & Probability","Probability","Classical Approach to Probability","LO_M14.1.1","Calculate theoretical probability of single and compound events.","REQ_MATH_2026_038","Maths_SecP1X_2026-27.pdf Page 5","mcq","1","1","FRESH_REASSESSMENT","","The probability of an impossible event is","1 | 1/2 | -1 | 0","0","An impossible event has no favourable outcome, so its probability is 0.","Exact option match. 1 mark for the correct option, 0 otherwise.","draft / unverified","none","none","","","","","",""
"C10-2627-MATH-REQ038-REASS-009","Mathematics","Statistics & Probability","Probability","Classical Approach to Probability","LO_M14.1.1","Calculate theoretical probability of single and compound events.","REQ_MATH_2026_038","Maths_SecP1X_2026-27.pdf Page 5","assertion_reason","2","1","FRESH_REASSESSMENT","","Assertion (A): The sum of the probabilities of all elementary events of an experiment is 1. Reason (R): The elementary events together account for every outcome in the sample space exactly once. Choose the correct option.","Both A and R are true and R is the correct explanation of A. | Both A and R are true but R is not the correct explanation of A. | A is true but R is false. | A is false but R is true.","Both A and R are true and R is the correct explanation of A.","Adding the probabilities of all elementary events counts the whole sample space once, which gives 1.","Exact option match. 1 mark for the correct option, 0 otherwise.","draft / unverified","none","none","","","","","",""
"C10-2627-MATH-REQ038-REASS-010","Mathematics","Statistics & Probability","Probability","Classical Approach to Probability","LO_M14.1.1","Calculate theoretical probability of single and compound events.","REQ_MATH_2026_038","Maths_SecP1X_2026-27.pdf Page 5","true_false","2","1","FRESH_REASSESSMENT","","State whether the following is true or false, and justify in one line: Classical probability assumes that all outcomes of the experiment are equally likely.","True | False","True","The classical definition divides favourable outcomes by total outcomes, which is valid only when the outcomes are equally likely.","Exact option match. 1 mark for the correct option, 0 otherwise.","draft / unverified","none","none","","","","","",""
